name,dynasty,type,description,entry_time,Author,size,materials,图片URL,museum_id
秋月下的莲花,明朝,"挂轴画  
绘画  
卷轴画  
中国绘画风格",立轴；纸本水墨,1919,陈淳（陈道复）,"画心：131.6厘米×30.5厘米（51又13/16英寸×12英寸）
裱褙：212厘米×50.7厘米（83又7/16英寸×19又15/16英寸）",暂无,"https://media.artmuseum.princeton.edu/iiif/3/collection/y1976-52/full/!650,650/0/default.jpg",2
风景：寺庙与瀑布,清朝,"绘画  
卷轴画  
中国绘画风格",暂无,1987,董邦达,画作：110.5厘米×46厘米（43又1/2英寸×18又1/8英寸）,暂无,"https://media.artmuseum.princeton.edu/iiif/3/collection/INV02768/full/!650,650/0/default.jpg",2
苍鹭与鸟,清朝,"挂轴
绘画
卷轴画
中国画风格",立轴；绢本设色,1950,黄美之（黄美之）,"画心：159×66厘米（62又5/8×26英寸）
裱边：292×78厘米（114又15/16×30又11/16英寸）",暂无,"https://media.artmuseum.princeton.edu/iiif/3/collection/y1947-49/full/!650,650/0/default.jpg",2
梅岭遥岑,明朝,"立轴
绘画
卷轴画
中国画风格",立轴；绢本设色,1982,马远（馬遠）摹本,"画心：169×94厘米（66又9/16×37英寸）
裱褙：300×104厘米（118又1/8×40又15/16英寸）",暂无,"https://media.artmuseum.princeton.edu/iiif/3/collection/y1947-102/full/!650,650/0/default.jpg",2
迷雾山脉,清朝,"立轴  
绘画  
卷轴画  
中国画风格",立轴；纸本水墨,1932,方从义（传）,"画心：176.6×75.2厘米（69又1/2×29又5/8英寸）  
裱褙：308×94.5厘米（121又1/4×37又3/16英寸）",暂无,"https://media.artmuseum.princeton.edu/iiif/3/collection/y1947-101/full/!650,650/0/default.jpg",2
鸟,清朝,"挂轴画  
绘画  
卷轴画  
中国画风格",立轴；纸本水墨设色,1981,张班,"画作尺寸：45.5 × 25.5厘米（17又15/16 × 10又1/16英寸）
装裱尺寸：182 × 45厘米（71又5/8 × 17又11/16英寸）",暂无,"https://media.artmuseum.princeton.edu/iiif/3/collection/y1947-30/full/!650,650/0/default.jpg",2
白地红彩云龙纹鼻烟壶,嘉庆年间,"鼻烟壶  
中国陶瓷风格",模印纹瓷器,1957,不明,带塞高8.3厘米，宽4.2厘米，厚2.7厘米（3又1/4×1又5/8×1又1/16英寸）,瓷器,"https://media.artmuseum.princeton.edu/iiif/3/collection/INV020714/full/!650,650/0/default.jpg",2
颂扬王阳明,清朝,"挂轴
卷轴画
中国画风格",八幅立轴；纸本水墨,1988,何绍基,书法：242×58.7厘米；242×58.1厘米；242×58.5厘米；242×58.4厘米；242×56.2厘米；242×55.5厘米；242×58.2厘米；242×58.8厘米（95又1/4×23又1/8英寸；95又1/4×22又7/8英寸；95又1/4×23又1/16英寸；95又1/4×23英寸；95又1/4×22又1/8英寸；95又1/4×21又7/8英寸；95又1/4×22又15/16英寸；95又1/4×23又1/8英寸）装裱（每幅）：290×66厘米（114又3/16×26英寸）,暂无,"https://media.artmuseum.princeton.edu/iiif/3/collection/y1977-12A/full/!650,650/0/default.jpg",2
山水画册,明朝,"画册
绘画
中国画风格",册页，纸本水墨设色,1942,文嘉,"画作：25 x 30厘米（9又13/16 x 11又13/16英寸）  
画叶：59.1 x 37.2厘米（23又1/4 x 14又5/8英寸）",暂无,"https://media.artmuseum.princeton.edu/iiif/3/collection/y1978-44A/full/!650,650/0/default.jpg",2
蔡氏花园神龛,东汉,拓片,纸本；墨拓,1938,不明,54 × 153 厘米（21 1/4 × 60 1/4 英寸）,暂无,"https://media.artmuseum.princeton.edu/iiif/3/collection/INV04568/full/!650,650/0/default.jpg",2
雉与梅,宋朝,"中国画风格  
立轴  
绘画  
卷轴画",立轴；绢本设色,1948,林椿（传）,"画作尺寸：180×59.5厘米（70又7/8×23又7/16英寸）
装裱尺寸：276×73厘米（108又11/16×28又3/4英寸）",暂无,"https://media.artmuseum.princeton.edu/iiif/3/collection/y1947-14/full/!650,650/0/default.jpg",2
车毂,周朝,"战车（古代车辆）
金属加工",青铜,1924,不明,"a：高14.3厘米，直径6.1厘米（5又5/8×2又3/8英寸）  
b：高14.0厘米，直径6.1厘米（5又1/2×2又3/8英寸）",暂无,"https://media.artmuseum.princeton.edu/iiif/3/collection/INV024653/full/!650,650/0/default.jpg",2
石板,明朝,"牌匾  
象牙制品",涂有红色颜料并残留金饰的象牙,2000,不明,高41.2厘米，宽5.6厘米，厚0.7厘米（16又1/4×2又3/16×1/4英寸）,暂无,"https://media.artmuseum.princeton.edu/iiif/3/collection/INV019968/full/!650,650/0/default.jpg",2
墨玉鼻烟壶,清朝,鼻烟壶,玉,1978,不明,带塞高6.5厘米，宽4.3厘米，厚2.6厘米（2又9/16×1又11/16×1英寸）,玉,"https://media.artmuseum.princeton.edu/iiif/3/collection/INV020318/full/!650,650/0/default.jpg",2
花卉图扇面,清朝,"册页
绘画",扇面册页；纸本设色,1951,恽寿平,"画作（展开）：15.3×48厘米（6×18又7/8英寸）
画框：62.2×72.7×3.4厘米（24又1/2×28又5/8×1又5/16英寸）",暂无,"https://media.artmuseum.princeton.edu/iiif/3/collection/y1978-25/full/!650,650/0/default.jpg",2
酒器（觚）,周朝,青铜酒杯,青铜,1961,不明,高20.8厘米，直径12.8厘米（8又3/16 × 5又1/16英寸）,暂无,"https://media.artmuseum.princeton.edu/iiif/3/collection/INV024507/full/!650,650/0/default.jpg",2
食盒（hsein）,战国时期,"器物（容器）
青铜器",青铜,1999,不明,高40.5厘米，直径36.5厘米（15又15/16 × 14又3/8英寸）,暂无,"https://media.artmuseum.princeton.edu/iiif/3/collection/INV04535/full/!650,650/0/default.jpg",2
站立女性雕像,明朝,雕像,木,1909,不明,高31.0厘米，宽9.1厘米，厚5.0厘米（12又3/16×3又9/16×1又15/16英寸）,暂无,"https://media.artmuseum.princeton.edu/iiif/3/collection/INV024427/full/!650,650/0/default.jpg",2
鼎,周朝,"鼎
青铜器",青铜,1974,不明,高17.0厘米，直径14.0厘米（6 11/16 x 5 1/2英寸）,暂无,"https://media.artmuseum.princeton.edu/iiif/3/collection/INV024487/full/!650,650/0/default.jpg",2
净化仪式,清朝,拓片,立轴；纸本拓片,1911,"李小皑，肖像画家  
孔昭铎，画家（山水）  
沈捷，雕刻师",画幅尺寸：46.8×109厘米（18又7/16×42又15/16英寸）；装裱尺寸：50.6×122.2厘米（19又15/16×48又1/8英寸）,暂无,"https://media.artmuseum.princeton.edu/iiif/3/collection/INV05360/full/!650,650/0/default.jpg",2
鼻烟壶,"江户时代  
明治时代","萨摩  
鼻烟壶  
中国陶瓷风格",萨摩烧，瓷器,1918,不明,高7.5厘米，直径4.3厘米（2又15/16 x 1又11/16英寸），无盖,暂无,"https://media.artmuseum.princeton.edu/iiif/3/collection/INV020796/full/!650,650/0/default.jpg",2
寿星,清朝,拓片,挂轴；纸本拓片,1982,苏轼，画家，归名于,"尺寸：87.8 × 41 厘米（34又9/16 × 16又1/8英寸）  
装裱后尺寸：106.5 × 45.7 厘米（41又15/16 × 18英寸）",暂无,"https://media.artmuseum.princeton.edu/iiif/3/collection/INV05367/full/!650,650/0/default.jpg",2
达摩祖师画像,清朝,拓片,挂轴；纸本墨拓,1907,"冯绣，画师  
杨玉璞，刻工","画面尺寸：72.4×46厘米（28又1/2×18又1/8英寸）
装裱尺寸：93×50.8厘米（36又5/8×20英寸）",暂无,"https://media.artmuseum.princeton.edu/iiif/3/collection/INV05353/full/!650,650/0/default.jpg",2
韩愈画像,清朝,拓片,立轴；纸本拓片,1984,杨浚，刻工,尺寸：95×49厘米（37又3/8×19又5/16英寸）；115×54厘米（45又1/4×21又1/4英寸）,暂无,"https://media.artmuseum.princeton.edu/iiif/3/collection/INV04624/full/!650,650/0/default.jpg",2
诸葛亮画像,清朝,拓片,立轴；纸本墨拓,1917,赵弘恩,"画幅尺寸：188×87.8厘米（74×34又9/16英寸）  
装裱尺寸：211×93.1厘米（83又1/16×36又5/8英寸）",暂无,"https://media.artmuseum.princeton.edu/iiif/3/collection/INV08898/full/!650,650/0/default.jpg",2
石画,清朝,彩绘石,两块石头,1932,不明,"上石：25.4×35.6厘米（10×14英寸）
下石：直径34.3厘米（13又1/2英寸）
外框：114.3×64.8×3.8厘米（45×25又1/2×1又1/2英寸）",石头,"https://media.artmuseum.princeton.edu/iiif/3/collection/TC2019-124-2/full/!650,650/0/default.jpg",2
盘子,清朝,"陶瓷  
盘子  
青花瓷  
中国陶瓷风格",瓷器,1990,不明,高5.1厘米，直径38.3厘米（2×15又1/16英寸）,暂无,"https://media.artmuseum.princeton.edu/iiif/3/collection/INV023525/full/!650,650/0/default.jpg",2
青花瓷鼻烟壶，饰有螭龙纹带。,清朝,"鼻烟壶  
中国陶瓷风格",彩釉模印纹瓷器,1901,不明,高6.1厘米，宽3.7厘米，厚2.5厘米（2又3/8×1又7/16×1英寸），无盖。,"珐琅
瓷器","https://media.artmuseum.princeton.edu/iiif/3/collection/INV021570/full/!650,650/0/default.jpg",2
石上鸟,清朝,"立轴
绘画
卷轴画
中国画风格",立轴；纸本水墨,1918,朱耷,"画心：85×44厘米（33又7/16×17又5/16英寸）
裱褙：195×58.5厘米（76又3/4×23又1/16英寸）",暂无,"https://media.artmuseum.princeton.edu/iiif/3/collection/y1947-27/full/!650,650/0/default.jpg",2
穿过峡谷,清朝,"画册
绘画
中国画风格",册页；纸本水墨设色,1973,石涛,"画作尺寸：24.5×19.1厘米（9又5/8×7又1/2英寸）  
画叶尺寸：32.8×51.1厘米（12又15/16×20又1/8英寸）",暂无,"https://media.artmuseum.princeton.edu/iiif/3/collection/INV03659/full/!650,650/0/default.jpg",2
风景,清朝,"挂轴画
绘画作品
卷轴画
中国画风格",立轴；纸本水墨,1952,王翬,"画作尺寸：60.4 × 29.5厘米（23又3/4 × 11又5/8英寸）
装裱尺寸：195 × 45厘米（76又3/4 × 17又11/16英寸）",暂无,"https://media.artmuseum.princeton.edu/iiif/3/collection/y1978-10/full/!650,650/0/default.jpg",2
吴镇风格山水图,清朝,"挂轴
绘画
卷轴画
中国画风格",立轴；纸本水墨,1994,王翬,"画心：67.2 × 39.3厘米（26又7/16 × 15又1/2英寸）
裱褙：192 × 60厘米（75又9/16 × 23又5/8英寸）",暂无,"https://media.artmuseum.princeton.edu/iiif/3/collection/y1979-2/full/!650,650/0/default.jpg",2
双骑像,汉朝,"陶瓷  
马术雕像  
小雕像",灰色陶器，施白色陶衣，饰以红黑彩绘,1941,不明,"高29.2厘米，宽29.4厘米，厚12.4厘米（11又1/2×11又9/16×4又7/8英寸）  
高29.3厘米，宽29.1厘米，厚10.6厘米（11又9/16×11又7/16×4又3/16英寸）","颜料  
泥釉  
陶瓷","https://media.artmuseum.princeton.edu/iiif/3/collection/2001-31-2_2/full/!650,650/0/default.jpg",2
骑马旅人,清朝,"画册
绘画
中国画风格",册页；纸本水墨淡彩,1950,石涛,"画作：24.5 x 19.1厘米（9 5/8 x 7 1/2英寸）  
画叶：32.8 x 51.1厘米（12 15/16 x 20 1/8英寸）",暂无,"https://media.artmuseum.princeton.edu/iiif/3/collection/INV03660/full/!650,650/0/default.jpg",2
《品画图》三人评龙图,明朝,"挂轴  
绘画  
卷轴画  
中国画风格",立轴；绢本设色,1996,崔子忠,"画心：91.5×41.5厘米（36×16又5/16英寸）  
裱褙：226×58.6厘米（89×23又1/16英寸）",暂无,"https://media.artmuseum.princeton.edu/iiif/3/collection/PUAM21GA40822/full/!650,650/0/default.jpg",2
苏轼诗,清朝,"挂轴
卷轴画
中国画风格",立轴；纸本水墨,1987,翁同龢,"书法：127 x 61 厘米（50 x 24 英寸）  
装裱：223 x 75.7 厘米（87 13/16 x 29 13/16 英寸）",暂无,"https://media.artmuseum.princeton.edu/iiif/3/collection/y1976-63/full/!650,650/0/default.jpg",2
颜真卿自传,清朝,"挂轴
卷轴画
中国画风格",立轴；纸本水墨,1927,钱沣,"书法：161 x 84 厘米（63 3/8 x 33 1/16 英寸）  
装裱：230 x 89 厘米（90 9/16 x 35 1/16 英寸）",暂无,"https://media.artmuseum.princeton.edu/iiif/3/collection/y1976-55/full/!650,650/0/default.jpg",2
湖畔小屋,明朝,"册页
绘画
书法（视觉作品）
中国画风格",册页；纸本水墨,1916,谢时臣,"画作：22 x 18.5厘米（8 11/16 x 7 5/16英寸）  
书法：22 x 18.5厘米（8 11/16 x 7 5/16英寸）  
单页：31.8 x 48厘米（12 1/2 x 18 7/8英寸）",暂无,"https://media.artmuseum.princeton.edu/iiif/3/collection/INV03469/full/!650,650/0/default.jpg",2
饮酒诗,明朝,"立轴
卷轴画
中国画风格",立轴；纸本水墨,1997,文徵明,"书法：257 x 63.2厘米（101 3/16 x 24 7/8英寸）  
装裱：348 x 82.6厘米（137 x 32 1/2英寸）",暂无,"https://media.artmuseum.princeton.edu/iiif/3/collection/y1976-62/full/!650,650/0/default.jpg",2
彻夜笙歌宴饮,明朝,"挂轴
卷轴画
中国画风格",立轴；纸本水墨,1908,汤焕,"书法：174.5 × 50.6 厘米（68 又11/16 × 19 又15/16 英寸）  
装裱：209 × 66.4 厘米（82 又5/16 × 26 又1/8 英寸）",暂无,"https://media.artmuseum.princeton.edu/iiif/3/collection/y1976-61/full/!650,650/0/default.jpg",2
车马器,周朝,战车（古代车辆）,青铜,1933,不明,长9.3厘米，宽3.1厘米，高3.5厘米（3又5/8×1又3/16×1又3/8英寸）,暂无,"https://media.artmuseum.princeton.edu/iiif/3/collection/INV024675/full/!650,650/0/default.jpg",2
装饰碗,新石器时代,"陶瓷  
陶器  
水罐",黑彩陶器,1976,不明,高10厘米 × 直径7.4厘米（3又15/16英寸 × 2又15/16英寸）,陶器,"https://media.artmuseum.princeton.edu/iiif/3/collection/INV021908/full/!650,650/0/default.jpg",2
戒指,"东周时期
战国时代","指环  
玉器",浅绿色玉器，带有朱砂痕迹,1941,不明,直径3.6厘米（1又7/16英寸）,暂无,"https://media.artmuseum.princeton.edu/iiif/3/collection/INV019784/full/!650,650/0/default.jpg",2
戒指,清朝,"指环  
玉石  
饰品",羊脂玉,1967,不明,高0.5厘米，直径5.4厘米（3/16×2 1/8英寸）,暂无,"https://media.artmuseum.princeton.edu/iiif/3/collection/INV022331/full/!650,650/0/default.jpg",2
房屋模型,明朝,模型,浅灰细瓷，施灰绿釉,1966,不明,高10.0厘米，宽14.5厘米，厚7.7厘米（3又15/16×5又11/16×3又1/16英寸）,暂无,"https://media.artmuseum.princeton.edu/iiif/3/collection/INV023820/full/!650,650/0/default.jpg",2
戒指,"东周时期
战国时代","戒指  
玉器",浅绿色玉器，带有朱砂痕迹,1979,不明,直径3.7厘米（1又1/2英寸）,暂无,"https://media.artmuseum.princeton.edu/iiif/3/collection/INV019785/full/!650,650/0/default.jpg",2
鼻烟壶,"江户时代
明治时代","萨摩  
鼻烟壶  
中国陶瓷风格",萨摩烧，瓷器,1946,不明,高7.6厘米，直径4.3厘米（3×1又11/16英寸），无盖,暂无,"https://media.artmuseum.princeton.edu/iiif/3/collection/INV020793/full/!650,650/0/default.jpg",2
一对浅碗,清朝,"碗（器皿）
玉器",半透明翡翠,1968,不明,高1.4厘米，直径9.3厘米（9/16 x 3 5/8英寸）,翡翠,"https://media.artmuseum.princeton.edu/iiif/3/collection/INV022788/full/!650,650/0/default.jpg",2
寿星,清朝,拓片,挂轴；纸本墨拓,1902,苏轼，画家，归其名下,尺寸：74.1×34.8厘米（29又3/16×13又11/16英寸）；装裱后尺寸：94.1×38.8厘米（37又1/16×15又1/4英寸）,暂无,"https://media.artmuseum.princeton.edu/iiif/3/collection/INV05357/full/!650,650/0/default.jpg",2
法性寺慧能祖师画像,元朝,拓片,立轴；纸本水墨,1931,"慈信，雕刻师  
宗宝，题字者",尺寸：画心125.7×67.9厘米（49又1/2×26又3/4英寸）；装裱后150×72.6厘米（59又1/16×28又9/16英寸）,暂无,"https://media.artmuseum.princeton.edu/iiif/3/collection/INV04722/full/!650,650/0/default.jpg",2
寿星,明朝,拓片,挂轴；纸本墨拓,1975,匿名,画作尺寸：161.8 × 77 厘米（63 11/16 × 30 5/16 英寸）；装裱尺寸：183.3 × 82 厘米（72 3/16 × 32 5/16 英寸）,暂无,"https://media.artmuseum.princeton.edu/iiif/3/collection/INV04655/full/!650,650/0/default.jpg",2
鲁秋胡嬉妻,东汉,拓片,纸本；墨拓,1923,不明,尺寸：71 x 216 厘米（27 15/16 x 85 1/16 英寸）；78 x 216 厘米（30 11/16 x 85 1/16 英寸）,暂无,"https://media.artmuseum.princeton.edu/iiif/3/collection/INV05390/full/!650,650/0/default.jpg",2
达摩面壁,清朝,拓片,立轴；纸本墨拓,1927,画家廖亮,图像尺寸：101 × 42.7厘米（39又3/4 × 16又13/16英寸）；装裱尺寸：122 × 47厘米（48又1/16 × 18又1/2英寸）,暂无,"https://media.artmuseum.princeton.edu/iiif/3/collection/INV05369/full/!650,650/0/default.jpg",2
关羽,清朝,拓片,立轴；纸本墨拓,1984,"画家高其佩之后  
刻工劳丙坤",尺寸：112×63厘米（44又1/8×24又13/16英寸）；130.8×68厘米（51又1/2×26又3/4英寸）,暂无,"https://media.artmuseum.princeton.edu/iiif/3/collection/INV05368/full/!650,650/0/default.jpg",2
瓜形带盖盒,南宋,"陶瓷
盒子（容器）",青白瓷；浅蓝釉瓷器,1947,不明,高4.7厘米 × 直径7.5厘米（1又7/8 × 2又15/16英寸）,暂无,无图片,2
花鸟,清朝,"画册
绘画",十六开册页；绢本设色,1911,"姜渔 姜漁  
张乃耆 張迺耆","每幅画作：36.3 × 26.2 厘米（14 5/16 × 10 5/16 英寸）  
每张画页：42.5 × 28.7 厘米（16 3/4 × 11 5/16 英寸）",暂无,"https://media.artmuseum.princeton.edu/iiif/3/collection/PUAMSTU2016_38966/full/!650,650/0/default.jpg",2
达摩站在路上,明朝,拓片,拓片；纸本墨拓,1990,不明,尺寸：172.3 × 97.8厘米（67又13/16 × 38又1/2英寸）；192 × 102.3厘米（75又9/16 × 40又1/4英寸）,暂无,"https://media.artmuseum.princeton.edu/iiif/3/collection/INV08896/full/!650,650/0/default.jpg",2
镜子,隋朝,"装饰品
手镜",青铜,1913,不明,高0.9厘米，直径14.7厘米（3/8×5 13/16英寸）,暂无,"https://media.artmuseum.princeton.edu/iiif/3/collection/INV022624/full/!650,650/0/default.jpg",2
立像,唐朝,"陶瓷  
人像",细腻橙红陶土，施白釉，留有色彩痕迹,1933,不明,高38.3厘米，宽11.8厘米，厚9.4厘米（15又1/16×4又5/8×3又11/16英寸）,暂无,"https://media.artmuseum.princeton.edu/iiif/3/collection/INV023217/full/!650,650/0/default.jpg",2
两个渔夫,清朝,"挂轴
绘画
卷轴画
中国画风格",立轴；纸本设色,1948,杨景尧,"画作尺寸：74.9厘米×100.3厘米（29又1/2英寸×39又1/2英寸）
装裱尺寸：190厘米×109.3厘米（74又13/16英寸×43又1/16英寸）",暂无,"https://media.artmuseum.princeton.edu/iiif/3/collection/y1946-159/full/!650,650/0/default.jpg",2
鼻烟壶,乾隆年间,"鼻烟壶
青花瓷
中国陶瓷风格",青花瓷,1912,不明,高7.3厘米，直径3.2厘米（不含塞）；合2又7/8 x 1又1/4英寸,暂无,"https://media.artmuseum.princeton.edu/iiif/3/collection/INV020629/full/!650,650/0/default.jpg",2
仿王绂归舟图,清朝,"挂轴画  
绘画  
卷轴画  
中国画风格",立轴；纸本水墨,1950,陈靖,"画作：42.5 × 33 厘米（16又3/4 × 13 英寸）  
装裱：243 × 48 厘米（95又11/16 × 18又7/8 英寸）",暂无,"https://media.artmuseum.princeton.edu/iiif/3/collection/y1947-116/full/!650,650/0/default.jpg",2
忠臣文天祥（1232-86）画像,"明朝
清朝","挂轴  
绘画  
卷轴画  
中国画风格",立轴；绢本设色,1996,匿名,"画作尺寸：171 x 83.2厘米（67又5/16 x 32又3/4英寸）
装裱尺寸：302.5 x 101厘米（119又1/8 x 39又3/4英寸）",暂无,"https://media.artmuseum.princeton.edu/iiif/3/collection/y1946-155/full/!650,650/0/default.jpg",2
元式雨景山水,清朝,"挂轴  
绘画  
卷轴画  
中国画风格",立轴；绢本水墨,1948,高克恭（传）,"画心：112×32.2厘米（44又1/8×12又11/16英寸）
裱褙：211×47.8厘米（83又1/16×18又13/16英寸）",暂无,"https://media.artmuseum.princeton.edu/iiif/3/collection/y1949-71/full/!650,650/0/default.jpg",2
猫与蝶,清朝,"挂轴画  
绘画作品  
卷轴画  
中国画风格",立轴；设色纸本,1981,匿名,"画心：116×54.5厘米（45又11/16×21又7/16英寸）
裱褙：247×65.5厘米（97又1/4×25又13/16英寸）",暂无,"https://media.artmuseum.princeton.edu/iiif/3/collection/y1947-225/full/!650,650/0/default.jpg",2
秋山,"元朝  
明朝  
清朝","挂轴
绘画
卷轴画
中国画风格",立轴；纸本水墨,1964,"鲜于枢（复制品）
题跋者：焦循","画作尺寸：131 × 61.7厘米（51又9/16 × 24又5/16英寸）
装裱尺寸：266 × 77.4厘米（104又3/4 × 30又1/2英寸）",暂无,"https://media.artmuseum.princeton.edu/iiif/3/collection/y1949-77/full/!650,650/0/default.jpg",2
茶壶,清朝,"陶瓷  
茶壶  
中国陶瓷风格",带金属把手的陶瓷器,1997,不明,高15.3厘米，宽12.0厘米，厚9.2厘米（6×4又11/16×3又5/8英寸）,"铜（合金）
陶瓷
金属","https://media.artmuseum.princeton.edu/iiif/3/collection/INV023297/full/!650,650/0/default.jpg",2
秋景,元朝,"绘画  
卷轴画  
中国画风格",木板装裱立轴；原为纸本水墨,1935,倪瓚,"画作尺寸：126 × 54 厘米（49又5/8 × 21又1/4 英寸）
整体尺寸：156.5 × 67.5 厘米（61又5/8 × 26又9/16 英寸）",暂无,"https://media.artmuseum.princeton.edu/iiif/3/collection/INV02772/full/!650,650/0/default.jpg",2
牧童骑水牛,明朝,"立轴  
绘画  
卷轴画  
中国画风格",立轴；纸本水墨淡彩,1952,唐寅,"画心：117.5 x 57.5厘米（46又1/4 x 22又5/8英寸）
裱边：232 x 69厘米（91又5/16 x 27又3/16英寸）",暂无,"https://media.artmuseum.princeton.edu/iiif/3/collection/y1949-87/full/!650,650/0/default.jpg",2
观音,康熙年间,"陶瓷
中国陶瓷风格
雕像","乳白胎素瓷，施白釉、绿釉、茄紫釉及黄釉。

（注：根据文物术语规范，oyster white译为乳白，biscuit porcelain译为素瓷/素烧瓷，aubergine采用故宫博物院官方译法茄紫。釉色名称统一使用釉字后缀，保持中文四字格审美习惯。）",2009,不明,高23.5厘米，宽19.4厘米，厚13.5厘米（9又1/4×7又5/8×5又5/16英寸）,"瓷器
釉料","https://media.artmuseum.princeton.edu/iiif/3/collection/INV023224/full/!650,650/0/default.jpg",2
湖畔宫殿,元朝,"挂轴
绘画
卷轴画
中国画风格",立轴；绢本水墨,1981,匿名,"画作尺寸：36 x 31.9厘米（14又3/16 x 12又9/16英寸）
装裱尺寸：137 x 50厘米（53又15/16 x 19又11/16英寸）","墨
丝绸（纺织品）","https://media.artmuseum.princeton.edu/iiif/3/collection/1998-121/full/!650,650/0/default.jpg",2
马远风格山水图（采菱图）,清朝,"画册
绘画
中国画风格",册页；纸本设色,1926,王翬,"画作尺寸：40.4×32.8厘米（15又7/8×12又15/16英寸）  
画叶尺寸：47.8×37.5厘米（18又13/16×14又3/4英寸）  
衬板尺寸：50.8×40.6厘米（20×16英寸）",暂无,"https://media.artmuseum.princeton.edu/iiif/3/collection/INV03811/full/!650,650/0/default.jpg",2
岸上小屋,"明朝
清朝","画册
绘画
中国画风格",册页；纸本水墨,1946,傅山,"画作：23.4 × 32.8 厘米（9 3/16 × 12 15/16 英寸）  
装裱：23.1 × 33 厘米（9 1/8 × 13 英寸）  
画幅：60 × 36 厘米（23 5/8 × 14 3/16 英寸）",暂无,"https://media.artmuseum.princeton.edu/iiif/3/collection/INV03689/full/!650,650/0/default.jpg",2
李郭云山,清朝,"画册
绘画
中国画风格",册页；纸本水墨,1962,王翬,"画作：22.3 x 31.1厘米（8 3/4 x 12 1/4英寸）  
叶片：63 x 48.5厘米（24 13/16 x 19 1/8英寸）",暂无,"https://media.artmuseum.princeton.edu/iiif/3/collection/y1973-67K_SL/full/!650,650/0/default.jpg",2
竹石,清朝,"册页  
扇面（服饰配件）  
绘画  
中国画风格",折扇装裱为册页；纸本水墨,2004,伊秉绶,"画作尺寸：24.2×51.9厘米（9又1/2×20又7/16英寸）
画页尺寸：73.5×58.9厘米（28又15/16×23又3/16英寸）",暂无,"https://media.artmuseum.princeton.edu/iiif/3/collection/1998-791/full/!650,650/0/default.jpg",2
蓝地花卉纹对碗,道光年间,"陶瓷  
碗（器皿）  
中国陶瓷风格",釉上彩瓷,1965,不明,高5.3厘米，直径12.5厘米（2又1/16×4又15/16英寸）,"珐琅  
釉上彩  
瓷器","https://media.artmuseum.princeton.edu/iiif/3/collection/INV023620/full/!650,650/0/default.jpg",2
湖畔杨柳,清朝,"相册  
扇子（服饰配件）  
绘画  
中国画风格",圆形扇面装裱为册页；绢本设色,1947,朱承,"画作尺寸：24.6 × 27 厘米（9 11/16 × 10 5/8 英寸）  
画页尺寸：35 × 47.6 厘米（13 3/4 × 18 3/4 英寸）","墨
丝绸（纺织品）","https://media.artmuseum.princeton.edu/iiif/3/collection/INV03341/full/!650,650/0/default.jpg",2
蔡氏花园神龛,东汉,拓片,拓片；纸本墨拓,1972,不明,59 × 69 厘米（23 1/4 × 27 3/16 英寸）,暂无,"https://media.artmuseum.princeton.edu/iiif/3/collection/INV04571/full/!650,650/0/default.jpg",2
绘画与音乐联句,现代时期,"挂轴  
绘画  
卷轴画  
中国画风格",一对挂轴；纸本水墨,1908,程十发,书法作品：356.3厘米×34.8厘米（140又1/4英寸×13又11/16英寸） 总高度：46.5厘米,"纸（纤维制品）
墨","https://media.artmuseum.princeton.edu/iiif/3/collection/1998-775A-B_GS/full/!650,650/0/default.jpg",2
鼻烟壶,乾隆年间,玛瑙鼻烟壶,玛瑙,1905,不明,高（含塞）6.2厘米，宽4.3厘米，厚2.8厘米（2又7/16×1又11/16×1又1/16英寸）,玛瑙,"https://media.artmuseum.princeton.edu/iiif/3/collection/INV020199/full/!650,650/0/default.jpg",2
鼻烟壶,乾隆年间,鼻烟壶,绿松石，镶嵌于装饰银座中,1952,不明,带盖高9.3厘米，宽5.3厘米，厚2.5厘米（3又11/16×2又1/16×1英寸）,"绿松石
白银","https://media.artmuseum.princeton.edu/iiif/3/collection/INV021013/full/!650,650/0/default.jpg",2
带摆动手柄的小型壶,东周时期,"陶器  
青铜器",青铜,1999,不明,带柄高3.8厘米，器身直径4.5厘米（1又1/2×1又3/4英寸）,青铜,"https://media.artmuseum.princeton.edu/iiif/3/collection/INV020894/full/!650,650/0/default.jpg",2
人坐在地上,明朝,拓片,立轴；纸本拓片,1921,"张瑗，画工，刻工  
陶士储，刻工  
范梦奎，刻工  
吴楚材，刻工","画幅尺寸：70.5×72厘米（27又3/4×28又3/8英寸）  
装裱尺寸：91×76.5厘米（35又13/16×30又1/8英寸）",暂无,"https://media.artmuseum.princeton.edu/iiif/3/collection/INV04653/full/!650,650/0/default.jpg",2
罗汉像,清朝,拓片,纸本；墨拓,1997,周铭旗刻，摹吴道子壁画,尺寸：81 x 88厘米（31又7/8 x 34又5/8英寸） 63.8 x 83厘米（25又1/8 x 32又11/16英寸）,暂无,"https://media.artmuseum.princeton.edu/iiif/3/collection/INV07733/full/!650,650/0/default.jpg",2
立观音,明朝,拓片,挂轴；纸本拓片,1976,洪林,"画幅尺寸：85.5 × 34.1厘米（33又11/16 × 13又7/16英寸）  
装裱尺寸：105.8 × 38.2厘米（41又5/8 × 15又1/16英寸）",暂无,"https://media.artmuseum.princeton.edu/iiif/3/collection/INV04712/full/!650,650/0/default.jpg",2
书斋联,"明朝  
清朝","挂轴
绘画",一对挂轴：纸本水墨,1902,傅山,"每幅画作：226.1 × 45.3厘米（89 × 17又13/16英寸）
每幅装裱：254 × 48.3厘米（100 × 19英寸）",暂无,"https://media.artmuseum.princeton.edu/iiif/3/collection/PUAMANX23_7105/full/!650,650/0/default.jpg",2
斑点纹茶碗,南宋,"陶瓷
茶碗",吉州窑；褐釉炻器,1951,不明,高5.5厘米 × 直径10.5厘米（2又3/16英寸 × 4又1/8英寸）,暂无,无图片,2
道士张仙画像,宋朝,拓片,立轴；纸本拓片,2007,苏洵 题,尺寸：74 x 33.2厘米（29 1/8 x 13 1/16英寸）；装裱后尺寸：97.8 x 37.5厘米（38 1/2 x 14 3/4英寸）,暂无,"https://media.artmuseum.princeton.edu/iiif/3/collection/INV04714/full/!650,650/0/default.jpg",2
颜真卿画像与书法,宋朝,拓片,立轴；纸本拓片,1902,"颜真卿（书法上款）
唐重（题款）","画作尺寸：122.3×148.8厘米（48又1/8×58又9/16英寸）  
外框尺寸：141.3×52.7厘米（55又5/8×20又3/4英寸）",暂无,"https://media.artmuseum.princeton.edu/iiif/3/collection/INV04726/full/!650,650/0/default.jpg",2
明禅师画像,宋朝,拓片,立轴；纸本墨拓,1955,不明,图像尺寸：83 x 58.8厘米（32又11/16 x 23又1/8英寸）；装裱尺寸：103.8 x 62.7厘米（40又7/8 x 24又11/16英寸）,暂无,"https://media.artmuseum.princeton.edu/iiif/3/collection/INV04724/full/!650,650/0/default.jpg",2
镜子,唐朝,"装饰品
手镜",青铜,1926,不明,高1.1厘米，直径13.7厘米（7/16×5 3/8英寸）,暂无,"https://media.artmuseum.princeton.edu/iiif/3/collection/INV022534/full/!650,650/0/default.jpg",2
镜子,唐朝,"饰品
手镜",青铜,1918,不明,高1.1厘米，直径13.2厘米（7/16×5 3/16英寸）,暂无,"https://media.artmuseum.princeton.edu/iiif/3/collection/INV022538/full/!650,650/0/default.jpg",2
站立的人,唐朝,雕像,鎏金青铜,1931,不明,高6.9厘米，宽2.2厘米，厚1.8厘米（2又11/16×7/8×11/16英寸）,暂无,"https://media.artmuseum.princeton.edu/iiif/3/collection/INV020898/full/!650,650/0/default.jpg",2
马,宋朝,骑马雕像,鎏金青铜,1911,不明,高4.4厘米，宽1.6厘米，厚5.2厘米（1又3/4×5/8×2又1/16英寸）,暂无,"https://media.artmuseum.princeton.edu/iiif/3/collection/INV024699/full/!650,650/0/default.jpg",2
马与驯马师,元朝,"挂轴
绘画
卷轴画
中国画风格",挂轴；纸本设色,1990,赵孟頫（传）,"画心：80×36.5厘米（31又1/2×14又3/8英寸）
裱褙：199.5×51厘米（78又9/16×20又1/16英寸）",暂无,"https://media.artmuseum.princeton.edu/iiif/3/collection/y1946-126/full/!650,650/0/default.jpg",2
绿釉壶,汉朝,"陶瓷  
容器（器皿）  
礼器  
青铜器",绿釉陶瓷,1931,中国的,高16.2厘米，直径14.0厘米（6又3/8 x 5又1/2英寸）,陶瓷釉料,"https://media.artmuseum.princeton.edu/iiif/3/collection/PUAMANX24_241022_17890/full/!650,650/0/default.jpg",2
虾,"近代
清朝","绘画
中国画风格",纸本水墨,2010,齐白石,"画作：68.6 x 33.5厘米（27 x 13又3/16英寸）  
装裱：80.5 x 39.2厘米",暂无,"https://media.artmuseum.princeton.edu/iiif/3/collection/INV03296/full/!650,650/0/default.jpg",2
螃蟹,清朝,"绘画
中国画风格",纸本水墨,1977,齐白石,"画作尺寸：68.7 × 33.7 厘米（27又1/16 × 13又1/4 英寸）  
衬边尺寸：80 × 40.5 厘米（31又1/2 × 15又15/16 英寸）",暂无,"https://media.artmuseum.princeton.edu/iiif/3/collection/INV03295/full/!650,650/0/default.jpg",2
刀,东汉,刀,青铜,1907,不明,高21.0厘米，宽11.0厘米，厚0.9厘米（8又1/4×4又5/16×5/16英寸）,暂无,"https://media.artmuseum.princeton.edu/iiif/3/collection/INV03054/full/!650,650/0/default.jpg",2
罐,东汉,"罐  
中国陶瓷风格",绿釉陶瓷,2005,不明,高37.6厘米 × 直径31.1厘米（14又13/16英寸 × 12又1/4英寸）,暂无,"https://media.artmuseum.princeton.edu/iiif/3/collection/PUAMANX23_5974/full/!650,650/0/default.jpg",2
箭头,东汉,箭头,青铜,1923,不明,高5.4厘米，直径0.9厘米（2又1/8×5/16英寸）,暂无,"https://media.artmuseum.princeton.edu/iiif/3/collection/INV03050/full/!650,650/0/default.jpg",2
山水,清朝,"画册
绘画
中国画风格",册页；绢本水墨,1946,中国艺术家（多位）,"画作尺寸：25.8×21.7厘米（10又3/16×8又9/16英寸）  
单页尺寸：33.6×52.4厘米（13又1/4×20又5/8英寸）",暂无,"https://media.artmuseum.princeton.edu/iiif/3/collection/INV03829/full/!650,650/0/default.jpg",2
棺椁模型,东汉,"棺材  
模型",细腻浅红陶胎，覆虹彩绿釉,1988,不明,高17.3厘米，长35.5厘米，宽17.0厘米（6又13/16×14×6又11/16英寸）,暂无,"https://media.artmuseum.princeton.edu/iiif/3/collection/INV023435/full/!650,650/0/default.jpg",2
箭头,东汉,箭头,青铜,1904,不明,高6.1厘米，直径1.1厘米（2又3/8×7/16英寸）,暂无,"https://media.artmuseum.princeton.edu/iiif/3/collection/INV03049/full/!650,650/0/default.jpg",2
箭头,东汉,箭头,青铜,1908,不明,高4.6厘米，宽1.5厘米，厚0.9厘米（1又13/16×5/8×5/16英寸）,暂无,"https://media.artmuseum.princeton.edu/iiif/3/collection/INV03047/full/!650,650/0/default.jpg",2
耳杯（耳杯）,东汉,"杯  
青铜器",青铜,1960,不明,高4.0厘米，长15.6厘米，宽11.5厘米（1又9/16×6又1/8×4又1/2英寸）,暂无,"https://media.artmuseum.princeton.edu/iiif/3/collection/1998-245_GS/full/!650,650/0/default.jpg",2
匕首肩部（？）,东汉,匕首（武器）,青铜,1992,不明,高5.9厘米，宽4.8厘米，厚2.3厘米（2又5/16×1又7/8×7/8英寸）,暂无,"https://media.artmuseum.princeton.edu/iiif/3/collection/INV03051/full/!650,650/0/default.jpg",2
鲍宅山凤凰画像石（鲍宅山凤凰画像）,西汉,拓片,纸张：水墨,1915,元丰年间,"画心尺寸：50.3 × 97.8 厘米（19又13/16 × 38又1/2 英寸）
裱褙尺寸：59 × 106.2 厘米（23又1/4 × 41又13/16 英寸）",暂无,"https://media.artmuseum.princeton.edu/iiif/3/collection/PUAMANX23_231208_10027/full/!650,650/0/default.jpg",2
木兰,"近代
清朝","挂轴画
绘画作品
卷轴画
中国画风格",立轴；纸本设色,1900,齐白石,"画作：138.8厘米×67.5厘米（54又5/8英寸×26又9/16英寸）
装裱：265厘米×86.3厘米（104又5/16英寸×34英寸）",暂无,"https://media.artmuseum.princeton.edu/iiif/3/collection/y1964-210/full/!650,650/0/default.jpg",2
桃红釉鼻烟壶,乾隆年间,"鼻烟壶
青花瓷
中国陶瓷风格",青花釉里红瓷,1923,不明,高7.3厘米，直径3.3厘米（2又7/8×1又5/16英寸），无盖,暂无,"https://media.artmuseum.princeton.edu/iiif/3/collection/INV021022/full/!650,650/0/default.jpg",2
竹下读书仕女图,清朝,"挂轴
绘画
卷轴画
中国画风格",挂轴；纸本水墨,2004,闵贞,"画心：142.7厘米 × 44.1厘米（56又3/16英寸 × 17又3/8英寸）  
裱褙：235厘米 × 58.7厘米（92又1/2英寸 × 23又1/8英寸）",暂无,"https://media.artmuseum.princeton.edu/iiif/3/collection/y1971-5/full/!650,650/0/default.jpg",2
对联,清朝,"立轴
绘画
卷轴画
中国画风格",一对挂轴；纸本水墨,1997,桂馥,"书法（每幅）：94.8 × 28.2 厘米（37又5/16 × 11又1/8 英寸）  
装裱（每幅）：181 × 37 厘米（71又1/4 × 14又9/16 英寸）",暂无,"https://media.artmuseum.princeton.edu/iiif/3/collection/y1976-59A/full/!650,650/0/default.jpg",2
墨牡丹,清朝,"册页  
扇面（服饰配件）  
绘画  
中国画风格",折扇装裱为册页；金笺墨笔,1977,方亨咸,"画作：21.9×48.9厘米（8又5/8×19又1/4英寸）
画幅：66×62厘米（26×24又7/16英寸）","纸（纤维制品）
墨
金","https://media.artmuseum.princeton.edu/iiif/3/collection/1998-790_01/full/!650,650/0/default.jpg",2
风景,清朝,"挂轴画  
绘画  
卷轴画  
中国画风格",立轴；纸本设色,1967,王原祁（传）,"画心：96.8厘米 × 46厘米（38又1/8英寸 × 18又1/8英寸）  
裱轴：236厘米 × 60厘米（含轴头宽71.5厘米）",暂无,"https://media.artmuseum.princeton.edu/iiif/3/collection/y1986-101/full/!650,650/0/default.jpg",2
祖孙在毛泽东像前,现代时期,图画,纸上水粉画,1969,王淑晖,"画作尺寸：57×43.2厘米（22又7/16×17英寸）  
画框尺寸：60.8×47.3×3.1厘米（23又15/16×18又5/8×1又1/4英寸）","纸（纤维制品）
水粉画","https://media.artmuseum.princeton.edu/iiif/3/collection/2003-28/full/!650,650/0/default.jpg",2
张子维传,清朝,"画册
绘画
中国画风格",册页；彩笺墨笔,1988,钱慧安,"书法：24.7 × 32.4 厘米（9 3/4 × 12 3/4 英寸）  
单页：32.8 × 85.9 厘米（12 15/16 × 33 13/16 英寸）",暂无,"https://media.artmuseum.princeton.edu/iiif/3/collection/INV06526/full/!650,650/0/default.jpg",2
山水册十张,明朝,"画册  
绘画  
中国画风格",册页；纸本设色,1939,张宏,"画作尺寸：30 × 30.1厘米（11又13/16 × 11又7/8英寸）  
画叶尺寸：68.1 × 37.5厘米（26又13/16 × 14又3/4英寸）",暂无,"https://media.artmuseum.princeton.edu/iiif/3/collection/INV05835/full/!650,650/0/default.jpg",2
雕花碗,宋朝,"中国陶瓷风格  
陶瓷  
碗（器皿）",省青白瓷,1914,不明,高6.9厘米，直径19.4厘米（2又11/16×7又5/8英寸）,陶瓷,"https://media.artmuseum.princeton.edu/iiif/3/collection/INV023255/full/!650,650/0/default.jpg",2
白蓼图,清朝,"挂轴
绘画
卷轴画
中国画风格",立轴；纸本水墨,1984,闵贞,"画作尺寸：131.0 × 48.2 厘米（51又9/16 × 19 英寸）  
装裱尺寸：235 × 61.5 厘米（92又1/2 × 24又3/16 英寸）","纸（纤维制品）
墨","https://media.artmuseum.princeton.edu/iiif/3/collection/1997-39/full/!650,650/0/default.jpg",2
青花瓷圆柱形鼻烟壶，饰有穆王八骏图,清朝,"鼻烟壶  
青花瓷  
中国陶瓷风格",青花瓷,1963,不明,无盖高8.0厘米，直径2.9厘米（3又1/8×1又1/8英寸）,瓷器,"https://media.artmuseum.princeton.edu/iiif/3/collection/INV020567/full/!650,650/0/default.jpg",2
红釉龙凤纹模制瓷鼻烟壶,嘉庆年间,"鼻烟壶  
中国陶瓷风格",模印纹瓷器,1971,不明,高（含塞）7.5厘米，宽4.7厘米，厚3.1厘米（2又15/16×1又7/8×1又3/16英寸）,瓷器,"https://media.artmuseum.princeton.edu/iiif/3/collection/INV021598/full/!650,650/0/default.jpg",2
兔子,清朝,"挂轴
绘画
卷轴画
中国画风格",立轴；绢本设色白描,2006,邱余庆,"画心：138×74厘米（54又5/16×29又1/8英寸）
裱褙：257×90厘米（101又3/16×35又7/16英寸）",暂无,"https://media.artmuseum.princeton.edu/iiif/3/collection/PUAMSTU2039540/full/!650,650/0/default.jpg",2
秋山,清朝,"挂轴画  
绘画  
卷轴画  
中国画风格",立轴；纸本水墨,1932,王翬,"画作尺寸：81×47厘米（31又7/8×18又1/2英寸）  
装裱尺寸：262×62.6厘米  
含轴头总宽：68.2厘米",暂无,"https://media.artmuseum.princeton.edu/iiif/3/collection/y1947-125/full/!650,650/0/default.jpg",2
微醺诗人,明朝,"挂轴
绘画
卷轴画
中国绘画风格",立轴；纸本水墨,1996,吴道子（传）,"画作尺寸：79 x 56厘米（31又1/8 x 22又1/16英寸）
装裱尺寸：271.5 x 66.3厘米（106又7/8 x 26又1/8英寸）",暂无,"https://media.artmuseum.princeton.edu/iiif/3/collection/y1946-131/full/!650,650/0/default.jpg",2
坐姿女子与持托盘女孩,明朝,"立轴  
绘画  
卷轴画  
中国画风格",立轴；绢本设色,1912,匿名,"画作：136.2 × 84 厘米（53 5/8 × 33 1/16 英寸）  
装裱：214 × 96 厘米（84 1/4 × 37 13/16 英寸）",暂无,"https://media.artmuseum.princeton.edu/iiif/3/collection/y1946-168/full/!650,650/0/default.jpg",2
八骏图,清朝,"挂轴
绘画
卷轴画
中国画风格",立轴；丝绣,1990,匿名,"画作：122 x 44 厘米（48 1/16 x 17 5/16 英寸）  
装裱：159 x 61 厘米（62 5/8 x 24 英寸）",暂无,"https://media.artmuseum.princeton.edu/iiif/3/collection/INV07860/full/!650,650/0/default.jpg",2
鼻烟壶,乾隆年间,"鼻烟壶  
中国陶瓷风格  
粉彩",粉彩瓷器,1910,不明,带塞高5.5厘米，宽4.0厘米，厚2.0厘米（2又3/16 x 1又9/16 x 13/16英寸）,暂无,"https://media.artmuseum.princeton.edu/iiif/3/collection/INV021505/full/!650,650/0/default.jpg",2
王渊肖像,明朝,"立轴
绘画
卷轴画
中国画风格",立轴；绢本设色,1950,匿名,"画心：142 x 72.5厘米（55又7/8 x 28又9/16英寸）
裱褙：255 x 82.3厘米（100又3/8 x 32又3/8英寸）",暂无,"https://media.artmuseum.princeton.edu/iiif/3/collection/y1946-169/full/!650,650/0/default.jpg",2
棋手,清朝,"挂轴画
绘画
卷轴画
中国画风格",立轴；绢本设色,1914,刘松年（传）,"画作：119.5 x 76.8厘米（47 1/16 x 30 1/4英寸）  
装裱：260 x 78.3厘米（102 3/8 x 30 13/16英寸）",暂无,"https://media.artmuseum.princeton.edu/iiif/3/collection/y1946-188/full/!650,650/0/default.jpg",2
蓝衣男子肖像,清朝,"立轴
绘画
卷轴画
中国画风格",立轴；绢本设色,1976,匿名,"画心：130 x 84 厘米（51又3/16 x 33又1/16英寸）  
裱褙：251 x 93.5 厘米（98又13/16 x 36又13/16英寸）",暂无,"https://media.artmuseum.princeton.edu/iiif/3/collection/y1947-282/full/!650,650/0/default.jpg",2
青花瓷圆柱形鼻烟壶，饰有木兰男装图,清朝,"鼻烟壶  
青花瓷  
中国陶瓷风格",青花瓷,1965,不明,带塞高8.6厘米，直径2.3厘米（3又3/8×7/8英寸）,"釉下彩
瓷器","https://media.artmuseum.princeton.edu/iiif/3/collection/INV020931/full/!650,650/0/default.jpg",2
对联,清朝,"立轴
卷轴画
书法（书写）
书法（视觉作品）
中国画风格",一对挂轴；黄蜡笺水墨画,1921,钱沣,"书法（甲幅）：118.8×30.7厘米（46又3/4×12又1/16英寸）  
书法（乙幅）：119×30.8厘米（46又7/8×12又1/8英寸）  
装裱（单幅）：152×39.2厘米（59又13/16×15又7/16英寸）",暂无,"https://media.artmuseum.princeton.edu/iiif/3/collection/y1976-56A/full/!650,650/0/default.jpg",2
对联,清朝,"挂轴
卷轴画
中国画风格",一对挂轴；纸本水墨,1935,郑燮,"书法（甲幅）：119.1厘米×22.9厘米（46又7/8英寸×9英寸）
书法（乙幅）：119.1厘米×23.1厘米（46又7/8英寸×9又1/8英寸）
装裱（每幅）：165厘米×30.3厘米（64又15/16英寸×11又15/16英寸）",暂无,"https://media.artmuseum.princeton.edu/iiif/3/collection/y1976-53A/full/!650,650/0/default.jpg",2
秋江秋水,明朝,"挂轴  
绘画  
卷轴画  
中国画风格",立轴；纸本设色,1943,蓝瑛,"画心：95.5 × 37.8 厘米（37又5/8 × 14又7/8 英寸）  
裱褙：227 × 58.5 厘米（89又3/8 × 23又1/16 英寸）",暂无,"https://media.artmuseum.princeton.edu/iiif/3/collection/y1981-44/full/!650,650/0/default.jpg",2
《泰岱访碑图》,清朝,"画册
绘画
中国画风格",册页；纸本水墨,1948,黄易,"画作尺寸：12.3 × 14.6厘米（4又13/16 × 5又3/4英寸）  
册页（合拢）：16.3 × 20.3厘米（6又7/16 × 8英寸）","纸（纤维制品）
墨","https://media.artmuseum.princeton.edu/iiif/3/collection/PUAMSTU2018-1934920/full/!650,650/0/default.jpg",2
蝙蝠云纹龙耳瓶,清朝,"陶瓷  
花瓶  
中国陶瓷风格  
青花瓷",青花瓷,1957,不明,高8.1厘米，直径38.3厘米（3又3/16×15又1/16英寸）,暂无,"https://media.artmuseum.princeton.edu/iiif/3/collection/INV024221/full/!650,650/0/default.jpg",2
兰花,清朝,"立轴  
绘画  
卷轴画  
中国画风格",立轴；纸本水墨,1936,钱载,"画心：164.3厘米×37.8厘米（64又11/16英寸×14又7/8英寸）
裱褙：227.3厘米×52.7厘米（89又1/2英寸×20又3/4英寸）","纸（纤维制品）
墨","https://media.artmuseum.princeton.edu/iiif/3/collection/2011-155/full/!650,650/0/default.jpg",2
两个孩子放风筝,清朝,"画册
绘画
中国画风格",册页；纸本设色,1921,石涛,"画心：23.3×17.8厘米（9又3/16×7英寸）
书法：23.3×17.8厘米（9又3/16×7英寸）
整幅：32.1×42.3厘米（12又5/8×16又5/8英寸）",暂无,"https://media.artmuseum.princeton.edu/iiif/3/collection/y1967-16F/full/!650,650/0/default.jpg",2
仿古大师山水图,清朝,"册页
绘画
中国画风格
题跋",册页；设色纸本,1983,"罗聘
题跋：范曾翔","画心：19.3×12.3厘米（7又5/8×4又13/16英寸）  
题跋：19.4×12.3厘米（7又5/8×4又13/16英寸）  
画幅：25.3×32.1厘米（9又15/16×12又5/8英寸）  
装裱：35.6×43.2厘米（14×17英寸）",暂无,"https://media.artmuseum.princeton.edu/iiif/3/collection/REN00012/full/!650,650/0/default.jpg",2
绿釉壶,汉朝,"陶瓷  
器皿（容器）  
礼器  
青铜器",绿釉陶瓷,1958,中文,高16.2厘米，直径14.0厘米（6又3/8 x 5又1/2英寸）,陶瓷釉料,"https://media.artmuseum.princeton.edu/iiif/3/collection/PUAMANX24_241022_17890/full/!650,650/0/default.jpg",2
虾,"近代
清朝","绘画
中国画风格",纸本墨笔,2005,齐白石,"画作：68.6 × 33.5 厘米（27 × 13又3/16 英寸）  
装裱：80.5 × 39.2 厘米",暂无,"https://media.artmuseum.princeton.edu/iiif/3/collection/INV03296/full/!650,650/0/default.jpg",2
螃蟹,清朝,"绘画
中国绘画风格",纸上墨迹,1914,齐白石,"画作：68.7 × 33.7 厘米（27 1/16 × 13 1/4 英寸）  
衬边：80 × 40.5 厘米（31 1/2 × 15 15/16 英寸）",暂无,"https://media.artmuseum.princeton.edu/iiif/3/collection/INV03295/full/!650,650/0/default.jpg",2
刀,东汉,刀,青铜,1958,不明,高21.0厘米，宽11.0厘米，厚0.9厘米（8又1/4×4又5/16×5/16英寸）,暂无,"https://media.artmuseum.princeton.edu/iiif/3/collection/INV03054/full/!650,650/0/default.jpg",2
罐,东汉,"罐  
中国陶瓷风格",绿釉陶瓷,2008,不明,高37.6厘米 × 直径31.1厘米（14又13/16英寸 × 12又1/4英寸）,暂无,"https://media.artmuseum.princeton.edu/iiif/3/collection/PUAMANX23_5974/full/!650,650/0/default.jpg",2
箭头,东汉,箭头,青铜,1904,不明,高5.4厘米，直径0.9厘米（2又1/8×5/16英寸）,暂无,"https://media.artmuseum.princeton.edu/iiif/3/collection/INV03050/full/!650,650/0/default.jpg",2
风景,清朝,"册页
绘画
中国画风格",册页；绢本水墨,1934,中国艺术家（多位）,"画作尺寸：25.8 x 21.7厘米（10又3/16 x 8又9/16英寸）  
画叶尺寸：33.6 x 52.4厘米（13又1/4 x 20又5/8英寸）",暂无,"https://media.artmuseum.princeton.edu/iiif/3/collection/INV03829/full/!650,650/0/default.jpg",2
棺椁模型,东汉,"棺材  
模型",细腻浅红陶胎，饰虹彩绿釉。,1939,不明,高17.3厘米，长35.5厘米，宽17.0厘米（6又13/16×14×6又11/16英寸）,暂无,"https://media.artmuseum.princeton.edu/iiif/3/collection/INV023435/full/!650,650/0/default.jpg",2
箭头,东汉,箭头,青铜,1954,不明,高6.1厘米，直径1.1厘米（2又3/8×7/16英寸）,暂无,"https://media.artmuseum.princeton.edu/iiif/3/collection/INV03049/full/!650,650/0/default.jpg",2
箭头,东汉,箭头,青铜,1922,不明,高4.6厘米，宽1.5厘米，厚0.9厘米（1又13/16×5/8×5/16英寸）,暂无,"https://media.artmuseum.princeton.edu/iiif/3/collection/INV03047/full/!650,650/0/default.jpg",2
耳杯（耳杯）,东汉,"杯  
青铜器",青铜,1940,不明,高4.0厘米，长15.6厘米，宽11.5厘米（1又9/16×6又1/8×4又1/2英寸）,暂无,"https://media.artmuseum.princeton.edu/iiif/3/collection/1998-245_GS/full/!650,650/0/default.jpg",2
匕首肩部（？）,东汉,匕首（武器）,青铜,1947,不明,高5.9厘米，宽4.8厘米，厚2.3厘米（2又5/16×1又7/8×7/8英寸）,暂无,"https://media.artmuseum.princeton.edu/iiif/3/collection/INV03051/full/!650,650/0/default.jpg",2
宝宅山凤凰画像石,西汉,拓片,纸张：水墨画,1972,元丰年间,"画心尺寸：50.3 × 97.8 厘米（19又13/16 × 38又1/2 英寸）
纸幅尺寸：59 × 106.2 厘米（23又1/4 × 41又13/16 英寸）",暂无,"https://media.artmuseum.princeton.edu/iiif/3/collection/PUAMANX23_231208_10027/full/!650,650/0/default.jpg",2
木兰,"近代
清代","挂轴  
绘画  
卷轴画  
中国画风格",立轴；纸本设色,1995,齐白石,"画作：138.8厘米 × 67.5厘米（54又5/8英寸 × 26又9/16英寸）  
装裱：265厘米 × 86.3厘米（104又5/16英寸 × 34英寸）",暂无,"https://media.artmuseum.princeton.edu/iiif/3/collection/y1964-210/full/!650,650/0/default.jpg",2
风景,道光年间,"立轴
绘画
卷轴画
中国画风格",立轴；绢本设色（装框）,2005,王翬,"画作尺寸：181×98厘米（71又1/4×38又9/16英寸）
画框尺寸：197.4×113.6×2厘米（77又11/16×44又3/4×13/16英寸）","墨
丝绸（纺织品）","https://media.artmuseum.princeton.edu/iiif/3/collection/INV45315/full/!650,650/0/default.jpg",2
大罐,"东周
战国时期","陶瓷  
罐  
戳印（标记）  
中国陶瓷风格",印纹原始瓷,2006,不明,高30.0厘米，直径35.0厘米（11 13/16 x 13 3/4英寸）,瓷器,"https://media.artmuseum.princeton.edu/iiif/3/collection/INV024128/full/!650,650/0/default.jpg",2
虎,清朝,"挂轴  
绘画  
卷轴画  
中国画风格",立轴；纸本设色,1933,方诗叔,"画作尺寸：48.9厘米 × 32.4厘米（19又1/4英寸 × 12又3/4英寸）
装裱尺寸：246厘米 × 58厘米（96又7/8英寸 × 22又13/16英寸）","纸（纤维制品）
墨","https://media.artmuseum.princeton.edu/iiif/3/collection/2005-61/full/!650,650/0/default.jpg",2
浮雕（吴式）,东汉,拓片,拓片；纸本墨拓,1958,不明,尺寸：31.2×484厘米（12又5/16×190又9/16英寸）；36.7×730厘米（14又7/16×287又3/8英寸）,暂无,"https://media.artmuseum.princeton.edu/iiif/3/collection/INV05448/full/!650,650/0/default.jpg",2
朝鲜高僧圆测法师画像及赞文,现代时期,拓片,挂轴；纸本墨拓,1924,"欧阳渐 题  
朱庆澜 书  
张佩甫 摹  
郭希安 刻","画面尺寸：132.6 × 62 厘米（52 3/16 × 24 7/16 英寸）
含装裱尺寸：169.5 × 76 厘米（66 3/4 × 29 15/16 英寸）",暂无,"https://media.artmuseum.princeton.edu/iiif/3/collection/INV07743/full/!650,650/0/default.jpg",2
小汤山祠堂图景,东汉,拓片,拓片；纸本墨拓,2008,不明,52 x 150 厘米（20 1/2 x 59 1/16 英寸）,暂无,"https://media.artmuseum.princeton.edu/iiif/3/collection/INV04580/full/!650,650/0/default.jpg",2
松下听泉,清朝,"画册
绘画
中国画风格",方形册页；绢本水墨淡彩,1964,朱承,"画作尺寸：27.3 × 22.5 厘米（10又3/4 × 8又7/8 英寸）
单页尺寸：35 × 47.6 厘米（13又3/4 × 18又3/4 英寸）","墨
丝绸（纺织品）","https://media.artmuseum.princeton.edu/iiif/3/collection/INV03344/full/!650,650/0/default.jpg",2
浮雕：墓石板,东汉,拓片,拓片；纸本墨拓,2007,不明,画面尺寸：52×156厘米（20又1/2×61又7/16英寸）；外框尺寸：56.5×172厘米（22又1/4×67又11/16英寸）,暂无,"https://media.artmuseum.princeton.edu/iiif/3/collection/INV05001/full/!650,650/0/default.jpg",2
册：山水,清朝,"册页
绘画
书法
中国画风格",册页；纸本水墨,1928,万寿祺,"画作尺寸：25.9厘米×17厘米  
画叶尺寸：29.8厘米×38.5厘米（11又3/4英寸×15又3/16英寸）",暂无,"https://media.artmuseum.princeton.edu/iiif/3/collection/INV03731/full/!650,650/0/default.jpg",2
仿古大师风格山水图,清朝,"册页
绘画
中国画风格
题跋",册页；设色纸本,1942,"罗聘
题跋：樊增祥","画心：19.3×12.3厘米（7又5/8×4又13/16英寸）  
题跋：19.4×12.4厘米（7又5/8×4又7/8英寸）  
画幅：25.3×32.1厘米（9又15/16×12又5/8英寸）  
衬纸：35.6×43.2厘米（14×17英寸）",暂无,"https://media.artmuseum.princeton.edu/iiif/3/collection/REN00019/full/!650,650/0/default.jpg",2
仿古大师山水,清朝,"画册  
绘画  
中国画风格",册页九开；纸本设色,1965,沈宗敬,"每幅画作：27.7×38.5厘米（10又7/8×15又3/16英寸）  
单页展开尺寸：31×41.9厘米  
册页装裱尺寸：31.2×21.2×2.3厘米",暂无,"https://media.artmuseum.princeton.edu/iiif/3/collection/INV03639/full/!650,650/0/default.jpg",2
鼻烟壶,乾隆年间,"软瓷  
鼻烟壶  
青花  
中国陶瓷风格",青花瓷,1965,不明,高9.9厘米，直径4.1厘米（3又7/8 x 1又5/8英寸），无盖,暂无,"https://media.artmuseum.princeton.edu/iiif/3/collection/INV020543/full/!650,650/0/default.jpg",2
学者与瀑布,明朝,"挂轴
绘画
卷轴画
中国画风格",立轴；纸本水墨浅设色,2010,张宏,"画心：117.7厘米×57.5厘米（46又5/16英寸×22又5/8英寸）
裱幅：284厘米×74.2厘米（111又13/16英寸×29又3/16英寸）",暂无,"https://media.artmuseum.princeton.edu/iiif/3/collection/y1949-81/full/!650,650/0/default.jpg",2
仿黄公望山水图,清朝,"画作  
卷轴画  
手卷  
中国绘画风格",手卷；绢本水墨,2010,黄养正,"画作：43×179厘米（16又15/16×70又1/2英寸）  
右侧书法：42×128厘米（16又9/16×50又3/8英寸）  
左侧书法：43.8×124.8厘米（17又1/4×49又1/8英寸）  
装裱高度：45.7厘米（18英寸）",暂无,"https://media.artmuseum.princeton.edu/iiif/3/collection/y1947-257_1/full/!650,650/0/default.jpg",2
山中隐士,清朝,"立轴
绘画
卷轴画
中国画风格",立轴；纸本水墨,1961,高其佩,"画心：105×53厘米（41又5/16×20又7/8英寸）
裱褙：224×66厘米（88又3/16×26英寸）",暂无,"https://media.artmuseum.princeton.edu/iiif/3/collection/y1947-98/full/!650,650/0/default.jpg",2
青花瓷圆柱形鼻烟壶，饰有花卉团花纹样,清朝,"鼻烟壶  
中国陶瓷风格",青花瓷,1913,不明,高8.5厘米，直径3.0厘米（不含塞）；3又3/8英寸×1又3/16英寸,瓷器,"https://media.artmuseum.princeton.edu/iiif/3/collection/INV020992/full/!650,650/0/default.jpg",2
江景；山间漫游；观瀑；江景,清朝,"绘画  
卷轴画  
手卷  
中国画风格",手卷；绢本水墨,1962,"萧贵（传）  
扬昇（传）  
史琼（传）  
董源（传）","绘画：1) 122×26.5厘米（48 1/16×10 7/16英寸）；2) 139×29.5厘米（54 3/4×11 5/8英寸）；3) 136×30.5厘米（53 9/16×12英寸）；4) 124×29厘米（48 13/16×11 7/16英寸）
书法：1) 22.6×34厘米（8 7/8×13 3/8英寸）；2) 31.3×125.7厘米（12 5/16×49 1/2英寸）；3) 28.8×5.4厘米（11 5/16×2 1/8英寸）；4) 31.3×17.7厘米（12 5/16×6 15/16英寸）；5) 31.3×8.6厘米（12 5/16×3 3/8英寸）；6) 31.3×8.6厘米（12 5/16×3 3/8英寸）；7) 31.3×8.8厘米（12 5/16×3 7/16英寸）；8) 31.3×8.7厘米（12 5/16×3 7/16英寸）；9) 31.3×130.2厘米（12 5/16×51 1/4英寸）；10) 31.3×51.4厘米（12 5/16×20 1/4英寸）；11) 31.3×29.4厘米（12 5/16×11 9/16英寸）
装裱：高32.7厘米（12 7/8英寸）",暂无,"https://media.artmuseum.princeton.edu/iiif/3/collection/y1947-195_1/full/!650,650/0/default.jpg",2
风景：湖景,明朝,"挂轴
绘画
卷轴画
中国画风格",立轴；绢本设色,1989,蓝瑛,"画作（可视部分）：166.5 × 93 厘米（65 9/16 × 36 5/8 英寸）
画框：174 × 101 × 1.6 厘米（68 1/2 × 39 3/4 × 5/8 英寸）","墨  
丝绸（纺织品）","https://media.artmuseum.princeton.edu/iiif/3/collection/INV45317/full/!650,650/0/default.jpg",2
天师张道陵,清朝,"挂轴画  
绘画  
卷轴画  
中国画风格",立轴；纸本水墨设色,1920,周文静,"画作尺寸：152.0 × 104.8 厘米（59 13/16 × 41 1/4 英寸）  
装裱尺寸：225 × 115.5 厘米（88 9/16 × 45 1/2 英寸）  
含轴头总宽：124.8 厘米",暂无,"https://media.artmuseum.princeton.edu/iiif/3/collection/y1946-153/full/!650,650/0/default.jpg",2
渐缩六角形瓷胎鼻烟壶，饰以纹样化螭龙纹。,清朝,"鼻烟壶
中国陶瓷风格",彩釉瓷，模制纹饰，鎏金。,2009,不明,高6.4厘米（不含瓶塞），宽3.4厘米，厚2.5厘米（2又1/2×1又5/16×1英寸）,"珐琅
瓷器","https://media.artmuseum.princeton.edu/iiif/3/collection/INV020392/full/!650,650/0/default.jpg",2
秋晨舟影,清朝,"挂轴  
绘画  
卷轴画  
中国画风格",立轴；绢本水墨,2010,蓝瑛,"画心：192 x 58 厘米（75 9/16 x 22 13/16 英寸）  
裱褙：322 x 81 厘米（126 3/4 x 31 7/8 英寸）",暂无,"https://media.artmuseum.princeton.edu/iiif/3/collection/y1947-117/full/!650,650/0/default.jpg",2
二龙,清朝,"挂轴画  
绘画  
卷轴画  
中国画风格",立轴；纸本水墨,1972,陈容（陈容）,"画心：188 × 104厘米（74 × 40又15/16英寸）  
裱褙：306 × 126厘米（120又1/2 × 49又5/8英寸）",暂无,"https://media.artmuseum.princeton.edu/iiif/3/collection/y1947-60/full/!650,650/0/default.jpg",2
蓝色肖像,清朝,"挂轴  
绘画  
卷轴画  
中国画风格",立轴；绢本设色,1917,匿名,"画作尺寸：94.7×50厘米（37又5/16×19又11/16英寸）
装裱画心：115.8×60.8厘米（45又9/16×23又15/16英寸）
画框尺寸：120.3×65.7×4.3厘米（47又3/8×25又7/8×1又11/16英寸）",暂无,"https://media.artmuseum.princeton.edu/iiif/3/collection/INV45306/full/!650,650/0/default.jpg",2
枝头鸭,清朝,"册页  
挂轴  
绘画  
卷轴画  
中国画风格",册页裱立轴；纸本水墨,1985,朱耷,"画作尺寸：34.3 × 26.8 厘米（13½ × 10⁹⁄₁₆ 英寸）  
装裱尺寸：197.5 × 36.6 厘米（77¾ × 14⁷⁄₁₆ 英寸）  
含轴头总宽：47.5 厘米","墨  
纸（纤维制品）","https://media.artmuseum.princeton.edu/iiif/3/collection/y1991-62/full/!650,650/0/default.jpg",2
仿黄公望山水图,明朝,"册页  
扇子（服饰配件）  
绘画  
中国画风格",折扇装裱成册页；金笺设色,1936,蓝瑛,"画作：16×50.3厘米（6又5/16×19又13/16英寸）  
画页：65×60.7厘米（25又9/16×23又7/8英寸）  
衬板：38×68.4厘米（14又15/16×26又15/16英寸）",暂无,"https://media.artmuseum.princeton.edu/iiif/3/collection/INV03697/full/!650,650/0/default.jpg",2
《梓人传》,元朝,"绘画  
卷轴画  
书法（书写）  
书法（视觉作品）  
手卷  
中国画风格",手卷；纸本水墨,1974,康里巎巎,"书法：27.8 × 281厘米（10又15/16 × 110又5/8英寸）  
装裱：高29.1厘米（11又7/16英寸）",暂无,"https://media.artmuseum.princeton.edu/iiif/3/collection/y1985-11-1/full/!650,650/0/default.jpg",2
岩石岬上的郭熙风格宅邸,清朝,"画册
绘画
中国画风格",册页；纸本水墨,1923,王翬,"画作尺寸：56 × 40.7 厘米（22 1/16 × 16 英寸）
画框尺寸：74 × 58.8 × 4 厘米（29 1/8 × 23 1/8 × 1 9/16 英寸）",暂无,"https://media.artmuseum.princeton.edu/iiif/3/collection/PUAMSTU2018-1955880/full/!650,650/0/default.jpg",2
牡丹花枝纹碗,光绪年间,"陶瓷  
碗（器皿）  
中国陶瓷风格",彩釉瓷器,1970,不明,高6.8厘米，直径14.2厘米（2又11/16×5又9/16英寸）,"珐琅  
釉上彩  
瓷器","https://media.artmuseum.princeton.edu/iiif/3/collection/INV02983/full/!650,650/0/default.jpg",2
溪上帆船,明朝,"画册
绘画
书法（视觉作品）
中国画风格",册页；纸本水墨,1938,谢时臣,"画心：22 x 18.5厘米（8又11/16 x 7又5/16英寸）  
题跋：22 x 18.4厘米（8又11/16 x 7又1/4英寸）  
整幅：31.8 x 48厘米（12又1/2 x 18又7/8英寸）",暂无,"https://media.artmuseum.princeton.edu/iiif/3/collection/INV07416/full/!650,650/0/default.jpg",2
凤凰纹碗,元朝,"陶瓷  
碗（器皿）  
中国陶瓷风格",磁州窑器；炻器，灰白釉及釉上彩,1917,不明,高5.2厘米，口径20.7厘米（2又1/16×8又1/8英寸）,"粗陶
釉料","https://media.artmuseum.princeton.edu/iiif/3/collection/INV023563/full/!650,650/0/default.jpg",2
《仿董源风格·舟中人物江景图》,清朝,"画册
绘画
中国画风格",册页；纸本设色,1934,"恽寿平  
仿董源","画作尺寸：26.6 × 59.3 厘米（10 1/2 × 23 3/8 英寸）
画叶尺寸：74.4 × 65 厘米（29 5/16 × 25 9/16 英寸）
衬板尺寸：43 × 73.5 厘米（16 15/16 × 28 15/16 英寸）",暂无,"https://media.artmuseum.princeton.edu/iiif/3/collection/INV03783/full/!650,650/0/default.jpg",2
雪山与梅花,宋朝,"中国绘画风格  
立轴  
绘画作品  
卷轴画",立轴；绢本水墨,1908,马远（马远）,"画作尺寸：163 x 94厘米（64又3/16 x 37英寸）
装裱尺寸：约310 x 104厘米（122又1/16 x 40又15/16英寸）",暂无,"https://media.artmuseum.princeton.edu/iiif/3/collection/y1947-93/full/!650,650/0/default.jpg",2
玉凤金马对联,现代时期,"立轴
卷轴画
中国画风格",一对挂轴；纸本水墨,1968,黄宾虹,"书法（每幅）：140.5 × 25.6 厘米（55 5/16 × 10 1/16 英寸）  
装裱（每幅）：176 × 32.1 厘米（69 5/16 × 12 5/8 英寸）","纸（纤维制品）
墨","https://media.artmuseum.princeton.edu/iiif/3/collection/1998-125A/full/!650,650/0/default.jpg",2
蒙古骑兵套马图,元朝,"挂轴
绘画
卷轴画
中国画风格",立轴；绢本设色,2006,赵孟頫 临本,"画作：58.5 × 64.5 厘米（23 1/16 × 25 3/8 英寸）  
装裱：167 × 80.5 厘米（65 3/4 × 31 11/16 英寸）",暂无,"https://media.artmuseum.princeton.edu/iiif/3/collection/y1946-116/full/!650,650/0/default.jpg",2
莲花,现代时期,"挂轴画  
绘画  
卷轴画  
中国画风格",立轴；纸本水墨,1926,王季迁,"画心：136.5厘米×68.5厘米（53又3/4英寸×26又15/16英寸）
裱幅：187厘米×77厘米（73又5/8英寸×30又5/16英寸）",暂无,"https://media.artmuseum.princeton.edu/iiif/3/collection/y1965-269/full/!650,650/0/default.jpg",2
深碗,元朝,"陶瓷  
碗（器皿）  
中国陶瓷风格",深色油滴釉陶器,1949,不明,高8.5厘米，直径10.6厘米（3又3/8×4又3/16英寸）,"陶器风格（抛光处理）  
陶瓷  
釉料","https://media.artmuseum.princeton.edu/iiif/3/collection/INV023805/full/!650,650/0/default.jpg",2
朱德基告别,明朝,"绘画  
卷轴画  
手卷  
中国画风格",手卷；纸本水墨,1928,王绂（传）,"跋文（右）：24 × 60.5厘米（9又7/16 × 23又13/16英寸）  
画心：23.8 × 44.7厘米（9又3/8 × 17又5/8英寸）  
书法（左）：24 × 239厘米（9又7/16 × 94又1/8英寸）  
裱褙：高24.7厘米（9又3/4英寸）",暂无,"https://media.artmuseum.princeton.edu/iiif/3/collection/y1969-115_SL/full/!650,650/0/default.jpg",2
张洪图收藏的毛泽东像章,近代时期,"徽章  
奖章（勋章）  
政治艺术",一件印有张宏图丝网印刷的扎辫子毛泽东形象的T恤上，别着146枚形状大小各异的政治徽章。,1943,不明,约77×约90厘米（30又5/16×35又7/16英寸）,暂无,"https://media.artmuseum.princeton.edu/iiif/3/collection/2009-19-1-147_VER/full/!650,650/0/default.jpg",2
小杯,现代时期,"杯  
玉器",白玉嵌金镶宝石,2007,不明,高2.1厘米，直径4.5厘米（13/16 × 1 3/4英寸）,"宝石  
玉石  
黄金","https://media.artmuseum.princeton.edu/iiif/3/collection/INV022798/full/!650,650/0/default.jpg",2
划船,明朝,"画册
绘画
书法（视觉作品）
中国画风格",册页；纸本水墨,1927,谢时臣,"画心：22.1×18.5厘米（8又11/16×7又5/16英寸）  
题跋：22×18.5厘米（8又11/16×7又5/16英寸）  
整幅：31.8×48厘米（12又1/2×18又7/8英寸）",暂无,"https://media.artmuseum.princeton.edu/iiif/3/collection/INV03473/full/!650,650/0/default.jpg",2
鼻烟壶,乾隆年间,玛瑙鼻烟壶,穆里纳玛瑙,1911,不明,带塞高5.6厘米，宽5.6厘米，厚2.2厘米（2又3/16×2又3/16×7/8英寸）,暂无,"https://media.artmuseum.princeton.edu/iiif/3/collection/INV021235/full/!650,650/0/default.jpg",2
椰壳鼻烟壶配鎏银饰,清朝,鼻烟壶,装饰银镶椰壳,2005,不明,高（含瓶塞）7.7厘米，宽5.7厘米，厚2.7厘米（3×2又1/4×1又1/16英寸）,银,"https://media.artmuseum.princeton.edu/iiif/3/collection/INV019760/full/!650,650/0/default.jpg",2
鼻烟壶,乾隆年间,玛瑙鼻烟壶,穆里纳玛瑙,1914,不明,高5.4厘米（不含瓶塞），直径3.7厘米（2又1/8×1又7/16英寸）,暂无,"https://media.artmuseum.princeton.edu/iiif/3/collection/INV021212/full/!650,650/0/default.jpg",2
蒙古包,元朝,"帐篷
模型",细腻的米色陶土，施以叶绿色釉彩,1901,不明,高21.0厘米，直径27.0厘米（8 1/4 x 10 5/8英寸）,暂无,"https://media.artmuseum.princeton.edu/iiif/3/collection/INV024121/full/!650,650/0/default.jpg",2
鼻烟壶,乾隆年间,"金属工艺
鼻烟壶",银,1910,不明,带塞高6.9厘米，宽4.5厘米，厚1.9厘米（2又11/16×1又3/4×3/4英寸）,暂无,"https://media.artmuseum.princeton.edu/iiif/3/collection/INV020433/full/!650,650/0/default.jpg",2
鼻烟壶,乾隆年间,玛瑙鼻烟壶,玛瑙,2002,不明,带塞高8.0厘米，宽3.6厘米，厚2.9厘米（3又1/8×1又7/16×1又1/8英寸）,暂无,"https://media.artmuseum.princeton.edu/iiif/3/collection/INV021233/full/!650,650/0/default.jpg",2
邵丞之印,清朝,印章,滑石,1956,不明,高3.4厘米，宽2.8厘米，厚1.4厘米（1又5/16×1又1/16×9/16英寸）,暂无,"https://media.artmuseum.princeton.edu/iiif/3/collection/INV022803/full/!650,650/0/default.jpg",2
一对碗,清朝,"碗（器皿）
玉器",菠菜绿玉,1952,不明,高7.0厘米，直径14.6厘米（2 3/4 x 5 3/4英寸）,玉,"https://media.artmuseum.princeton.edu/iiif/3/collection/INV022849/full/!650,650/0/default.jpg",2
风景人物图,分裂时期,拓片,纸本；墨拓,1927,不明,图像尺寸：36 x 100厘米（14 3/16 x 39 3/8英寸）,暂无,"https://media.artmuseum.princeton.edu/iiif/3/collection/INV04740/full/!650,650/0/default.jpg",2
一对缠绕的狮子,清朝,雕像,青铜,1902,不明,高8.5厘米×宽12.3厘米×深14.5厘米（3又3/8英寸×4又13/16英寸×5又11/16英寸）,青铜,"https://media.artmuseum.princeton.edu/iiif/3/collection/INV024611/full/!650,650/0/default.jpg",2
印文砖,周朝,拓片,拓片；纸本墨拓,1947,不明,画幅尺寸：49.5×130厘米（19又1/2×51又3/16英寸）；装裱尺寸：54×142厘米（21又1/4×55又7/8英寸）,暂无,"https://media.artmuseum.princeton.edu/iiif/3/collection/INV04765/full/!650,650/0/default.jpg",2
孝子故事丧葬床板,北齐,拓片,立轴；纸本拓片,1943,不明,尺寸：44.8 × 95.2厘米（17又5/8 × 37又1/2英寸）；装裱后51.5 × 117.5厘米（20又1/4 × 46又1/4英寸）,暂无,"https://media.artmuseum.princeton.edu/iiif/3/collection/INV04916/full/!650,650/0/default.jpg",2
镜子,宋代,"装饰品
手镜",青铜,1942,不明,高0.4厘米，直径10.5厘米（3/16×4 1/8英寸）,暂无,"https://media.artmuseum.princeton.edu/iiif/3/collection/INV022590/full/!650,650/0/default.jpg",2
梅花纹饰茶碗,宋朝,"陶瓷  
茶碗",吉州窑；褐釉炻器,1932,不明,高5厘米，直径14.7厘米（1又15/16英寸×5又13/16英寸）,暂无,无图片,2
镜子,唐朝,"饰品  
手镜",青铜,1999,不明,高1.2厘米，直径10.8厘米（1/2 x 4 1/4英寸）,暂无,"https://media.artmuseum.princeton.edu/iiif/3/collection/INV022561/full/!650,650/0/default.jpg",2
贡品者,宋代,"中国画风格
画册
绘画",八开册页；绢本水墨,2001,李公麟（传）,"画作（单幅）：27 × 35.2 厘米（10 5/8 × 13 7/8 英寸）  
展开页幅：41 × 68.5 厘米  
册页：34 × 41 × 2.6 厘米（13 3/8 × 16 1/8 × 1 英寸）",暂无,"https://media.artmuseum.princeton.edu/iiif/3/collection/INV03705/full/!650,650/0/default.jpg",2
车毂,周朝,"战车（古代车辆）
金属加工",青铜,1942,不明,"a：高5.0厘米，直径8.7厘米（1又15/16×3又7/16英寸）
b：高4.7厘米，直径8.8厘米（1又7/8×3又7/16英寸）",暂无,"https://media.artmuseum.princeton.edu/iiif/3/collection/INV024655/full/!650,650/0/default.jpg",2
鼻烟壶,乾隆年间,鼻烟壶,蓝底套色玻璃,1939,不明,带塞高7.9厘米，宽3.5厘米，厚2.3厘米（3又1/8×1又3/8×7/8英寸）,暂无,"https://media.artmuseum.princeton.edu/iiif/3/collection/INV021631/full/!650,650/0/default.jpg",2
小花瓶带花卉纹饰,"南宋
元朝","陶瓷  
花瓶",吉州窑器；釉下奶油色泥浆与褐色纹饰炻器,1966,不明,高15.7厘米，直径7.7厘米（6又3/16×3又1/16英寸）,暂无,无图片,2
虎头,后周,雕塑,青铜,1968,不明,高3.5厘米，宽3.1厘米，厚5.3厘米（1又3/8×1又1/4×2又1/16英寸）,暂无,"https://media.artmuseum.princeton.edu/iiif/3/collection/INV024697/full/!650,650/0/default.jpg",2
龙凤壶,辽代,投手,三彩釉陶器,1919,不明,23 × 21 × 14 厘米（9 1/16 × 8 1/4 × 5 1/2 英寸）,"釉  
陶瓷","https://media.artmuseum.princeton.edu/iiif/3/collection/PUAMSTU2018-1933407/full/!650,650/0/default.jpg",2
舞者,唐朝,"陶瓷  
人像",精美粉红陶瓷，饰有三彩釉,1965,不明,高20.1厘米，宽8.3厘米，厚5.3厘米（7又15/16×3又1/4×2又1/8英寸）,暂无,"https://media.artmuseum.princeton.edu/iiif/3/collection/INV023195/full/!650,650/0/default.jpg",2
《山中寻幽兰》,近代,"挂轴
绘画
卷轴画
中国画风格",立轴；纸本水墨,1943,朱屺瞻,"书法：128.6厘米×33.9厘米（50又5/8英寸×13又3/8英寸）
装裱：225厘米×46.3厘米（88又9/16英寸×18又1/4英寸）","纸（纤维制品）
墨","https://media.artmuseum.princeton.edu/iiif/3/collection/1998-137/full/!650,650/0/default.jpg",2
鼻烟壶,雍正年间,"软瓷  
鼻烟壶  
青花瓷  
中国陶瓷风格",青花瓷,1976,不明,高度（不含塞子）5.9厘米×最宽处直径3.5厘米,暂无,"https://media.artmuseum.princeton.edu/iiif/3/collection/INV020651/full/!650,650/0/default.jpg",2
红衣女子,清朝,"挂轴画
绘画
卷轴画
中国画风格",立轴；绢本设色,1921,无名氏,"画作尺寸：132×96.5厘米（51又15/16×38英寸）
装裱尺寸：300×98厘米（118又1/8×38又9/16英寸）",暂无,"https://media.artmuseum.princeton.edu/iiif/3/collection/y1947-155/full/!650,650/0/default.jpg",2
东方朔偷桃,清朝,"挂轴
绘画
卷轴画
中国画风格",立轴；绢本设色,1997,匿名,"画心：212.8厘米×85.5厘米（83又3/4英寸×33又11/16英寸）
裱褙：286厘米×99厘米（112又5/8英寸×39英寸）",暂无,"https://media.artmuseum.princeton.edu/iiif/3/collection/y1946-147/full/!650,650/0/default.jpg",2
圆柱形瓷鼻烟壶，绘有盘龙戏珠图,清朝,"软瓷  
鼻烟壶  
青花瓷  
中国陶瓷风格",青花瓷,1986,不明,高7.5厘米，直径2.8厘米（2又15/16×1又1/8英寸），无盖,釉下彩瓷,"https://media.artmuseum.princeton.edu/iiif/3/collection/INV020307/full/!650,650/0/default.jpg",2
瓷胎珐琅彩瓜蝶纹鼻烟壶,清朝,"鼻烟壶  
中国陶瓷风格",彩瓷,1946,不明,高6.6厘米，宽5.7厘米，厚1.7厘米（带盖；2又5/8×2又1/4×11/16英寸）,"珐琅
瓷器","https://media.artmuseum.princeton.edu/iiif/3/collection/INV019925/full/!650,650/0/default.jpg",2
鼻烟壶,乾隆年间,"鼻烟壶  
青花瓷  
中国陶瓷风格",青花瓷,2001,不明,带塞高9.2厘米，直径3.5厘米（3又5/8×1又3/8英寸）,暂无,"https://media.artmuseum.princeton.edu/iiif/3/collection/INV020267/full/!650,650/0/default.jpg",2
瓷质鼻烟壶，模塑欧洲表盘，数字错位。,清朝,"鼻烟壶  
中国陶瓷风格",彩釉瓷，模制花纹，鎏金,1988,不明,6.4 × 4.1 × 2.8 厘米（不含塞子高5.5厘米/2又3/16英寸）,"珐琅
瓷器","https://media.artmuseum.princeton.edu/iiif/3/collection/INV021485/full/!650,650/0/default.jpg",2
雪中寻梅仕女图,清朝,"挂轴
绘画
卷轴画
中国绘画风格",立轴；绢本设色,1944,管道昇（传）,"画作：62.5 x 32厘米（24又5/8 x 12又5/8英寸）  
装裱：226 x 47.4厘米（89 x 18又11/16英寸）",暂无,"https://media.artmuseum.princeton.edu/iiif/3/collection/y1949-72/full/!650,650/0/default.jpg",2
老僧与龙瓶,清朝,"挂轴
绘画
卷轴画
中国画风格",立轴；绢本水墨,1931,吴伟,"画心：76.5×37.5厘米（30又1/8×14又3/4英寸）
裱件：103×49.8厘米（40又9/16×19又5/8英寸）",暂无,"https://media.artmuseum.princeton.edu/iiif/3/collection/y1946-111/full/!650,650/0/default.jpg",2
溪边读书图,清朝,"挂轴
绘画
卷轴画
中国画风格",立轴；纸本水墨,1993,李世倬,"画心：79×41.9厘米（31又1/8×16又1/2英寸）  
裱褙：180.5×58.5厘米（71又1/16×23又1/16英寸）",暂无,"https://media.artmuseum.princeton.edu/iiif/3/collection/y1963-56/full/!650,650/0/default.jpg",2
刻花灰紫釉碗,雍正年间,"陶瓷  
碗（容器）  
中国陶瓷风格  
饭碗",瓷器,1951,不明,高7.8厘米，口径16.0厘米（3又1/16×6又5/16英寸）,"釉下彩  
瓷器  
釉料","https://media.artmuseum.princeton.edu/iiif/3/collection/INV023462/full/!650,650/0/default.jpg",2
竹子,清朝,"画册
绘画
中国画风格",册页；纸本水墨,1984,王翬,"画作尺寸：21.6×30.9厘米（8又1/2×12又3/16英寸）
画叶尺寸：63×48.5厘米（24又13/16×19又1/8英寸）",暂无,"https://media.artmuseum.princeton.edu/iiif/3/collection/y1973-67E_SL/full/!650,650/0/default.jpg",2
范宽风格山水,清朝,"画册  
绘画  
中国画风格",册页；纸本设色,1937,王翬,"画作：40.4×32.8厘米（15又7/8×12又15/16英寸）
画页：47.8×37.5厘米（18又13/16×14又3/4英寸）
衬板：50.8×40.6厘米（20×16英寸）",暂无,"https://media.artmuseum.princeton.edu/iiif/3/collection/INV03809/full/!650,650/0/default.jpg",2
《山水册十张》,明朝,"画册
绘画
中国画风格",册页；纸本设色,1967,张宏,"画作尺寸：30 × 30.7厘米（11又13/16 × 12又1/16英寸）  
画幅尺寸：68.1 × 37.5厘米（26又13/16 × 14又3/4英寸）",暂无,"https://media.artmuseum.princeton.edu/iiif/3/collection/INV05836/full/!650,650/0/default.jpg",2
湖与山,明朝,"画册
绘画
书法（视觉作品）
中国画风格",册页；纸本水墨,1963,谢时臣,"画心：22.1×18.4厘米（8又11/16×7又1/4英寸）  
题跋：22.1×18.5厘米（8又11/16×7又5/16英寸）  
整幅：31.8×48厘米（12又1/2×18又7/8英寸）",暂无,"https://media.artmuseum.princeton.edu/iiif/3/collection/INV03471/full/!650,650/0/default.jpg",2
山水画册,明朝,"画册
绘画
中国画风格",册页，纸本水墨设色,1934,文嘉,"画作：25×30.3厘米（9又13/16×11又15/16英寸）
画叶：59.1×37.2厘米（23又1/4×14又5/8英寸）",暂无,"https://media.artmuseum.princeton.edu/iiif/3/collection/y1978-44E/full/!650,650/0/default.jpg",2
氢弹导弹毛主席像章,现代时期,徽章,金属珐琅镀金,1965,不明,2.2 × 3.2 厘米（7/8 × 1 1/4 英寸）,"珐琅
金属
黄金","https://media.artmuseum.princeton.edu/iiif/3/collection/PUAMSTU2018-1951479/full/!650,650/0/default.jpg",2
倚松学者,宋朝,"中国画风格
立轴
绘画
卷轴画",立轴；绢本水墨,2007,马逵（传）,"画作尺寸：148.5×103.5厘米（58又7/16×40又3/4英寸）
装裱尺寸：270×112厘米（106又5/16×44又1/8英寸）",暂无,"https://media.artmuseum.princeton.edu/iiif/3/collection/y1947-251/full/!650,650/0/default.jpg",2
鸟,"商朝
安阳时期",玉雕人像,玉,1919,不明,高8.1厘米，宽3.7厘米，厚0.6厘米（3又3/16×1又7/16×1/4英寸）,暂无,"https://media.artmuseum.princeton.edu/iiif/3/collection/INV019777/full/!650,650/0/default.jpg",2
鼻烟壶,乾隆年间,"鼻烟壶  
玉器",玉,1959,不明,高7.3厘米（含盖），宽4.4厘米，厚1.9厘米（2又7/8×1又3/4×3/4英寸）,暂无,"https://media.artmuseum.princeton.edu/iiif/3/collection/INV021329/full/!650,650/0/default.jpg",2
鼻烟壶,乾隆年间,"鼻烟壶  
玉器",翡翠,1979,不明,高（含盖）6.5厘米，宽3.5厘米，厚2.5厘米（2又9/16×1又3/8×1英寸）,暂无,"https://media.artmuseum.princeton.edu/iiif/3/collection/INV021353/full/!650,650/0/default.jpg",2
T形纹铜镜,周朝,"手镜  
饰物",青铜,1941,不明,高0.7厘米，直径11.4厘米（1/4×4 1/2英寸）,暂无,"https://media.artmuseum.princeton.edu/iiif/3/collection/INV022558/full/!650,650/0/default.jpg",2
鱼,西周时期,玉石雕像,绿玉色浅黄,1992,不明,高1.6厘米，宽5.7厘米，厚0.9厘米（5/8×2 1/4×3/8英寸）,暂无,"https://media.artmuseum.princeton.edu/iiif/3/collection/INV019763/full/!650,650/0/default.jpg",2
诗,明朝,"册页
书法（视觉作品）",册页；纸本水墨,1955,方孝孺（传）,"书法：18.8 x 31厘米（7又3/8 x 12又3/16英寸）  
画框：52.4 × 62.7 × 3厘米（20又5/8 × 24又11/16 × 1又3/16英寸）",暂无,"https://media.artmuseum.princeton.edu/iiif/3/collection/inv1009/full/!650,650/0/default.jpg",2
镜子,明朝,"手镜  
饰物",青铜,2000,不明,高1.1厘米，直径9.3厘米（7/16×3 11/16英寸）,暂无,"https://media.artmuseum.princeton.edu/iiif/3/collection/INV022552/full/!650,650/0/default.jpg",2
渔人垂钓,明朝,"画册
绘画
书法（视觉作品）
中国画风格",册页；纸本水墨,1980,谢时臣,"画作：22 x 18.5厘米（8 11/16 x 7 5/16英寸）  
书法：22.1 x 18.5厘米（8 11/16 x 7 5/16英寸）  
页幅：31.8 x 48厘米（12 1/2 x 18 7/8英寸）",暂无,"https://media.artmuseum.princeton.edu/iiif/3/collection/INV03476/full/!650,650/0/default.jpg",2
桃花源,宋朝,"中国画风格
立轴
绘画
卷轴画",立轴；绢本设色,1953,刘松年之后,"画作尺寸：72×36.5厘米（28又3/8×14又3/8英寸）
装裱尺寸：240×57.7厘米（94又1/2×22又11/16英寸）",暂无,"https://media.artmuseum.princeton.edu/iiif/3/collection/y1949-60/full/!650,650/0/default.jpg",2
鸟枝纹枕,晋代,"陶瓷  
瓷枕  
中国陶瓷风格",磁州窑器；灰胎白釉黑彩铁绘瓷器,1988,不明,高8.7厘米，长25.6厘米，宽17.6厘米（3又7/16×10又1/16×6又15/16英寸）,"釉下彩  
炻器  
颜料","https://media.artmuseum.princeton.edu/iiif/3/collection/INV023661/full/!650,650/0/default.jpg",2
模制瓷鼻烟壶，绘有二女泛舟于妖魔与仙人之间,嘉庆年间,"鼻烟壶
中国陶瓷风格",彩釉模印纹瓷器,1927,不明,高7.1厘米（含塞），宽4.6厘米，深3.7厘米（2又13/16×1又13/16×1又7/16英寸）,"模制  
珐琅  
瓷器","https://media.artmuseum.princeton.edu/iiif/3/collection/INV021585/full/!650,650/0/default.jpg",2
山间河流,元朝,"挂轴
绘画
卷轴画
中国画风格",立轴；绢本设色,2009,赵孟頫，字子昂，号松雪道人，又号水晶宫道人、鸥波，中年曾署孟俯。浙江吴兴（今浙江湖州）人。南宋末至元初著名书法家、画家、诗人，宋太祖赵匡胤十一世孙。,"画作：116 x 58.5厘米（45又11/16 x 23又1/16英寸）  
装裱：265 x 76.7厘米（104又5/16 x 30又3/16英寸）",暂无,"https://media.artmuseum.princeton.edu/iiif/3/collection/y1947-129/full/!650,650/0/default.jpg",2
风景,清朝,"挂轴画  
绘画  
卷轴画  
中国画风格",立轴,1933,穆棱山桥,"画心：96×23厘米（37又13/16×9又1/16英寸）
裱幅：221×40厘米（87×15又3/4英寸）",暂无,"https://media.artmuseum.princeton.edu/iiif/3/collection/y1946-22/full/!650,650/0/default.jpg",2
寺庙与山岳,清朝,"挂轴
绘画
卷轴画
中国画风格",绢本青绿挂轴,1915,仇英,"画心：112×54厘米（44又1/8×21又1/4英寸）  
裱褙：245.5×73厘米（96又5/8×28又3/4英寸）",暂无,"https://media.artmuseum.princeton.edu/iiif/3/collection/y1947-121/full/!650,650/0/default.jpg",2
"释迦牟尼三尊像：文殊菩萨与普贤菩萨胁侍佛像

（注：根据佛教造像仪轨，Triad规范译为三尊像；Manjusri采用佛教界通用译名文殊菩萨；Samantabhadra译为普贤菩萨；Buddha Attended by译为胁侍体现主从关系）",清朝,"挂轴  
绘画  
卷轴画  
中国画风格",立轴；绢本设色,1937,顾师颜,"画作：102.5 × 60 厘米（40 3/8 × 23 5/8 英寸）  
装裱：264.3 × 77.3 厘米（104 1/16 × 30 7/16 英寸）",暂无,"https://media.artmuseum.princeton.edu/iiif/3/collection/y1945-208/full/!650,650/0/default.jpg",2
行书书法,现代时期,"立轴
书法（文字）
书法（视觉作品）",立轴，纸本水墨,1935,石鲁,"书法：138.2厘米×68.4厘米（54又7/16英寸×26又15/16英寸）
装裱：230.8厘米×52.5厘米（90又7/8英寸×20又11/16英寸）","纸（纤维制品）
墨","https://media.artmuseum.princeton.edu/iiif/3/collection/1998-129_SL/full/!650,650/0/default.jpg",2
碗,清朝,"陶瓷  
碗（器皿）  
中国陶瓷风格",瓷胎上施芥末黄釉,1998,不明,高8.8厘米，直径24.7厘米（3又1/2×9又3/4英寸）,暂无,"https://media.artmuseum.princeton.edu/iiif/3/collection/INV023546/full/!650,650/0/default.jpg",2
陆文定公像（1509—1605）,明朝,"册页
绘画
书法（文字）
书法（视觉作品）
中国画风格",册页；绢本设色,1952,沈俊,"书法：32 x 35.5厘米（12 5/8 x 14英寸）  
单页：41 x 84厘米（16 1/8 x 33 1/16英寸）",暂无,"https://media.artmuseum.princeton.edu/iiif/3/collection/INV03626/full/!650,650/0/default.jpg",2
仿古大师风格山水画,清朝,"册页
绘画
中国画风格
题跋",册页；设色纸本,1967,"罗聘  
题跋：范曾襄","画心：19.3×12.3厘米（7又5/8×4又13/16英寸）  
题跋：19.4×12.4厘米（7又5/8×4又7/8英寸）  
画幅：25.3×32.1厘米（9又15/16×12又5/8英寸）  
装裱：35.6×43.2厘米（14×17英寸）  

（注：严格遵循原文结构，采用画心/题跋/画幅/装裱的专业术语对应Painting/Colophon/Leaf/Mat，分数单位统一转换为中文又字表述，尺寸数据保留两位小数精确转换）",暂无,"https://media.artmuseum.princeton.edu/iiif/3/collection/REN00017/full/!650,650/0/default.jpg",2
《山水册十张》,明朝,"画册
绘画
中国画风格",册页；纸本设色,1975,张宏,"画作尺寸：30.1 × 30.5厘米（11又7/8 × 12英寸）  
画叶尺寸：68.1 × 37.5厘米（26又13/16 × 14又3/4英寸）",暂无,"https://media.artmuseum.princeton.edu/iiif/3/collection/INV05843/full/!650,650/0/default.jpg",2
山景中的建筑,清朝,"相册  
扇子（服饰配件）  
绘画  
中国画风格",圆扇面装裱为册页；绢本水墨,1999,朱承,"画作尺寸：26 × 23.5 厘米（10 1/4 × 9 1/4 英寸）
纸张尺寸：35 × 47.6 厘米（13 3/4 × 18 3/4 英寸）","墨
丝绸（纺织品）","https://media.artmuseum.princeton.edu/iiif/3/collection/INV03345/full/!650,650/0/default.jpg",2
鼻烟壶,乾隆年间,"鼻烟壶  
玉器",翡翠,1914,不明,高（含塞）5.9厘米，宽3.6厘米，厚2.3厘米（2又5/16×1又7/16×15/16英寸）,暂无,"https://media.artmuseum.princeton.edu/iiif/3/collection/INV021224/full/!650,650/0/default.jpg",2
鼻烟壶,乾隆年间,"玻璃工艺
鼻烟壶",玻璃,1942,不明,带盖高6.9厘米，宽3.3厘米，厚1.7厘米（2又11/16×1又5/16×5/8英寸）,暂无,"https://media.artmuseum.princeton.edu/iiif/3/collection/INV021215/full/!650,650/0/default.jpg",2
鼻烟壶,乾隆年间,鼻烟壶,银饰玳瑁,2002,不明,带塞高9.2厘米，宽5.6厘米，厚2.2厘米（3又5/8×2又3/16×7/8英寸）,银龟甲,"https://media.artmuseum.princeton.edu/iiif/3/collection/INV019746/full/!650,650/0/default.jpg",2
鼻烟壶,乾隆年间,玛瑙鼻烟壶,玛瑙,1982,不明,带塞高7.4厘米，宽5.2厘米，厚2.4厘米（2又15/16×2又1/16×15/16英寸）,暂无,"https://media.artmuseum.princeton.edu/iiif/3/collection/INV020775/full/!650,650/0/default.jpg",2
鸟,"商朝
安阳时期",玉雕人像,白玉,1941,不明,高3.5厘米，宽2.8厘米，厚0.4厘米（1又3/8×1又1/8×1/8英寸）,暂无,"https://media.artmuseum.princeton.edu/iiif/3/collection/INV019774/full/!650,650/0/default.jpg",2
鼻烟壶,乾隆年间,玛瑙鼻烟壶,穆里纳玛瑙,1937,不明,带塞高6.2厘米，宽4.8厘米，厚2.6厘米（2又7/16×1又7/8×1英寸）,暂无,"https://media.artmuseum.princeton.edu/iiif/3/collection/INV020363/full/!650,650/0/default.jpg",2
陶猪俑,北魏,"陶瓷
雕像",陶瓷,2006,不明,高5.4厘米，长11.8厘米，宽5.9厘米（2又1/8×4又5/8×2又5/16英寸）,暂无,"https://media.artmuseum.princeton.edu/iiif/3/collection/INV023161/full/!650,650/0/default.jpg",2
松鼠形鼻烟壶,嘉庆年间,"鼻烟壶
粉彩",粉彩瓷器,1969,不明,高3.2厘米，带塞宽8.3厘米，厚2.5厘米（1又1/4 x 3又1/4 x 1英寸）,暂无,"https://media.artmuseum.princeton.edu/iiif/3/collection/INV020216/full/!650,650/0/default.jpg",2
鸟,"商朝
安阳时期","玉器  
雕像",斑驳灰黄玉,1940,不明,高4.0厘米，宽3.4厘米，厚0.5厘米（1又9/16×1又5/16×3/16英寸）,暂无,"https://media.artmuseum.princeton.edu/iiif/3/collection/INV019775/full/!650,650/0/default.jpg",2
鼎,周朝,"鼎
青铜器",青铜,1965,不明,高19.4厘米，直径18.6厘米（7又5/8英寸×7又5/16英寸）,暂无,"https://media.artmuseum.princeton.edu/iiif/3/collection/INV024469/full/!650,650/0/default.jpg",2
《莫愁女肖像》,清朝,拓片,立轴；纸本墨拓,2003,朱柏容，雕刻师,尺寸：画心102.5×42.5厘米（40又3/8×16又3/4英寸） 装裱后122×47.5厘米（48又1/16×18又11/16英寸）,暂无,"https://media.artmuseum.princeton.edu/iiif/3/collection/INV04630/full/!650,650/0/default.jpg",2
白衣观音,近代,拓片,立轴；木版印刷纸本水墨,1980,由宏大善书局（Hongda Morality Press）出版,尺寸：59.2×25.2厘米（23又5/16×9又15/16英寸） 装裱后尺寸：76×32.7厘米（29又15/16×12又7/8英寸）,暂无,"https://media.artmuseum.princeton.edu/iiif/3/collection/INV04600/full/!650,650/0/default.jpg",2
印文砖,周朝,拓片,拓片；纸本墨拓,1912,不明,"画心：54×133厘米（21又1/4×52又3/8英寸）
裱件：59.4×147厘米（23又3/8×57又7/8英寸）",暂无,"https://media.artmuseum.princeton.edu/iiif/3/collection/INV04769/full/!650,650/0/default.jpg",2
佛像龛细节与比丘尼僧525年题记,北魏,拓片,纸本；墨拓,1903,不明,63 x 75.5 厘米（24 13/16 x 29 3/4 英寸）画幅：27 x 36.5 厘米（10 5/8 x 14 3/8 英寸）,暂无,"https://media.artmuseum.princeton.edu/iiif/3/collection/INV04561/full/!650,650/0/default.jpg",2
寒山与拾得,清朝,拓片,立轴；纸本拓片,1993,"罗聘，画家、书法家  
唐仁斋，雕刻家","画幅尺寸：112.5×66.5厘米（44又5/16×26又3/16英寸）  
装裱尺寸：130.5×71.5厘米（51又3/8×28又1/8英寸）  

（注：根据中国书画计量惯例，image译为画幅，未装裱的画心尺寸在前；带框或装裱后的整体尺寸称为装裱尺寸。英制分数保持中文表达习惯采用又字连接，如44又5/16英寸。尺寸表述采用长×宽的标准格式，厘米与英寸单位换算保留四位小数精度。）",暂无,"https://media.artmuseum.princeton.edu/iiif/3/collection/INV05348/full/!650,650/0/default.jpg",2
鼻烟壶,乾隆年间,鼻烟壶,玛瑙,1938,不明,带盖高6.5厘米，宽4.1厘米，厚3.0厘米（2又9/16×1又5/8×1又3/16英寸）,暂无,"https://media.artmuseum.princeton.edu/iiif/3/collection/INV020804/full/!650,650/0/default.jpg",2
人骑驴,明朝,"立轴
绘画
卷轴画
中国画风格",立轴；绢本水墨,1920,吴伟,"画作尺寸：118.8×39厘米（46又3/4×15又3/8英寸）
装裱尺寸：224×59.4厘米（88又3/16×23又3/8英寸）",暂无,"https://media.artmuseum.princeton.edu/iiif/3/collection/y1949-89/full/!650,650/0/default.jpg",2
瓷质鼻烟壶，模塑并施珐琅彩，饰以道教神仙刘海及其神蟾。,"嘉庆年间  
乾隆年间","鼻烟壶  
中国陶瓷风格",彩瓷，模制纹饰，鎏金,2002,不明,高7.7厘米（不含塞），宽3.7厘米，厚2.7厘米（3又1/16×1又7/16×1又1/16英寸）,"珐琅
瓷器","https://media.artmuseum.princeton.edu/iiif/3/collection/INV021537/full/!650,650/0/default.jpg",2
红衣男子肖像,清朝,"挂轴  
绘画  
卷轴画  
中国画风格",立轴；绢本设色,1911,匿名,"画心：116.5×96.5厘米（45又7/8×38英寸）
裱褙：299×98.5厘米（117又11/16×38又3/4英寸）",暂无,"https://media.artmuseum.princeton.edu/iiif/3/collection/y1947-157/full/!650,650/0/default.jpg",2
红袍骑驴人像,明朝,"挂轴
绘画
卷轴画
中国画风格",立轴；纸本水墨设色,1955,吴伟,"画作：136.5 × 63 厘米（53 3/4 × 24 13/16 英寸）  
装裱：267 × 74.1 厘米（105 1/8 × 29 3/16 英寸）",暂无,"https://media.artmuseum.princeton.edu/iiif/3/collection/y1949-90/full/!650,650/0/default.jpg",2
彩绘菊花诗文瓷鼻烟壶,乾隆年间,"鼻烟壶  
中国陶瓷风格  
粉彩",彩釉瓷器,1977,不明,高7.2厘米（含瓶塞），宽4.7厘米，厚2.2厘米（2又13/16×1又7/8×7/8英寸）,"珐琅
瓷器","https://media.artmuseum.princeton.edu/iiif/3/collection/INV021469/full/!650,650/0/default.jpg",2
《耒耜经》,清朝,"挂轴  
书法（文字）  
卷轴画  
书法（视觉作品）  
中国画风格",立轴；绢本水墨,1906,金农,"书法：126.3厘米×37厘米（49又3/4英寸×14又9/16英寸）
装裱：223.5厘米×55厘米（88英寸×21又5/8英寸）","墨
丝绸（纺织品）","https://media.artmuseum.princeton.edu/iiif/3/collection/1998-119/full/!650,650/0/default.jpg",2
册页：山水,清朝,"画册
绘画
书法
中国画风格",册页十八开；纸本水墨,1986,万寿祺,"画册尺寸：30 × 19.5 × 4 厘米（11又13/16 × 7又11/16 × 1又9/16英寸）
单幅画作尺寸（每幅约）：25.8 × 17 厘米（10又3/16 × 6又11/16英寸）",暂无,"https://media.artmuseum.princeton.edu/iiif/3/collection/INV03727/full/!650,650/0/default.jpg",2
《仿苏黄米蔡行书》,明朝,"绘画  
书法（文字）  
卷轴画  
书法（视觉作品）  
手卷  
中国画风格",手卷；纸本水墨,1900,董其昌,"书法：55 x 933.5厘米（21 5/8 x 367 1/2英寸）  
装裱：高56.5厘米（22 1/4英寸）","纸（纤维制品）
墨","https://media.artmuseum.princeton.edu/iiif/3/collection/1998-114-1/full/!650,650/0/default.jpg",2
松树与花卉,清朝,"挂轴画
绘画
卷轴画
中国画风格",立轴；绢本设色,1948,李鱓,"画作：182.2厘米×46.2厘米（71又3/4英寸×18又3/16英寸）
装裱：241厘米×64.8厘米（94又7/8英寸×25又1/2英寸）",暂无,"https://media.artmuseum.princeton.edu/iiif/3/collection/y1964-217/full/!650,650/0/default.jpg",2
山行诗,明朝,"挂轴  
卷轴画  
书法（书写）  
书法（视觉作品）  
中国绘画风格",立轴；纸本水墨,1989,陈洪绶,"书法：114.6厘米×32厘米（45又1/8英寸×12又5/8英寸）  
装裱：203.3厘米×49.3厘米（80又1/16英寸×19又7/16英寸）",暂无,"https://media.artmuseum.princeton.edu/iiif/3/collection/y1971-1/full/!650,650/0/default.jpg",2
战士雕像,清朝,"立轴
绘画
卷轴画
中国画风格",立轴；绢本设色,1968,顾见龙,"画心：38.3 × 18.5厘米（15又1/16 × 7又5/16英寸）  
裱褙：162.3 × 34厘米（63又7/8 × 13又3/8英寸）","墨  
颜料  
丝绸（纺织品）","https://media.artmuseum.princeton.edu/iiif/3/collection/PUAMANX22_0533/full/!650,650/0/default.jpg",2
听松涛,清朝,"相册  
扇子（服饰配件）  
绘画  
中国画风格",圆形扇面装裱为册页；绢本水墨,1909,朱承,"画作尺寸：23.5 × 24.4厘米（9又1/4 × 9又5/8英寸）
画页尺寸：35 × 47.6厘米（13又3/4 × 18又3/4英寸）","墨
丝（纺织品）","https://media.artmuseum.princeton.edu/iiif/3/collection/INV03346/full/!650,650/0/default.jpg",2
红篮带环柄,清朝,"篮子  
漆器",红、金、黑三色漆木,1978,不明,高45.0厘米，直径25.9厘米（17又11/16×10又3/16英寸）,漆木,"https://media.artmuseum.princeton.edu/iiif/3/collection/INV024155/full/!650,650/0/default.jpg",2
公羊头面具,周朝,"面具（服饰）
面具装饰",青铜,1933,不明,高11.8厘米，宽13.9厘米，厚3.0厘米（4又5/8 × 5又1/2 × 1又3/16英寸）,暂无,"https://media.artmuseum.princeton.edu/iiif/3/collection/INV03060/full/!650,650/0/default.jpg",2
竹笠诗人杜甫像,清朝,拓片,立轴；纸本墨拓,1922,沈廷芳,画作尺寸：63 × 55.5厘米（24又13/16 × 21又7/8英寸）；装裱尺寸：85.5 × 59.5厘米（33又11/16 × 23又7/16英寸）,暂无,"https://media.artmuseum.princeton.edu/iiif/3/collection/INV05352/full/!650,650/0/default.jpg",2
岳飞画像,清朝,拓片,挂轴；纸本墨拓,1965,朱琨,"画面尺寸：62.4×34.9厘米（24又9/16×13又3/4英寸）
含装裱尺寸：77.8×42厘米（30又5/8×16又9/16英寸）",暂无,"https://media.artmuseum.princeton.edu/iiif/3/collection/INV04644/full/!650,650/0/default.jpg",2
岳飞画像,清朝,拓片,立轴；纸本墨拓,1997,无名艺术家，雕刻师,尺寸：画心132×60.5厘米（51又15/16×23又13/16英寸）；含装裱151.5×64.7厘米（59又5/8×25又1/2英寸）,暂无,"https://media.artmuseum.princeton.edu/iiif/3/collection/INV05351/full/!650,650/0/default.jpg",2
林逋画像,清朝,拓片,立轴；纸本拓片,1942,"许乃穀 书  
陆文珪 赞","画幅尺寸：103.5×54.5厘米（40又3/4×21又7/16英寸）
装裱尺寸：122×59.3厘米（48又1/16×23又3/8英寸）",暂无,"https://media.artmuseum.princeton.edu/iiif/3/collection/INV05349/full/!650,650/0/default.jpg",2
南宋诗人陆游画像,清朝,拓片,立轴；纸本拓片,1906,"陆文杰  
杨子灵，刻工",图像尺寸：109 x 72.7厘米（42又15/16 x 28又5/8英寸）；外框尺寸：116 x 78.5厘米（45又11/16 x 30又7/8英寸）,暂无,"https://media.artmuseum.princeton.edu/iiif/3/collection/INV07734/full/!650,650/0/default.jpg",2
苏轼肖像,清朝,拓片,挂轴；纸本墨拓,1921,无名氏，清末,"画幅：96.4×42厘米（37又15/16×16又9/16英寸）  
装裱：117×46.4厘米（46又1/16×18又1/4英寸）",暂无,"https://media.artmuseum.princeton.edu/iiif/3/collection/INV04632/full/!650,650/0/default.jpg",2
《莫愁女肖像》,清朝,拓片,立轴；纸本拓片,1946,朱柏容，雕刻师,"画面尺寸：101×39.5厘米（39又3/4×15又9/16英寸）
整体尺寸：121.7×44厘米（47又15/16×17又5/16英寸）",暂无,"https://media.artmuseum.princeton.edu/iiif/3/collection/INV04638/full/!650,650/0/default.jpg",2
《竹笠芒鞋苏轼像》,清朝,拓片,挂轴；纸本墨拓,1942,"林成幹，画家  
朱騰興，雕刻师",尺寸：107.5×68厘米（42又5/16×26又3/4英寸）；128×72.3厘米（50又3/8×28又7/16英寸）,暂无,"https://media.artmuseum.princeton.edu/iiif/3/collection/INV05364/full/!650,650/0/default.jpg",2
印文砖,周朝,拓片,拓片；纸本墨拓,1901,不明,尺寸：46 × 129.8厘米（18又1/8 × 51又1/8英寸）；49.5 × 143厘米（19又1/2 × 56又5/16英寸）,暂无,"https://media.artmuseum.princeton.edu/iiif/3/collection/INV04761/full/!650,650/0/default.jpg",2
诗人陶潜肖像,清朝,拓片,立轴；纸本拓片,1975,张名倬，画家、书法家,尺寸：78×37.4厘米（30又11/16×14又3/4英寸）；98×41厘米（38又9/16×16又1/8英寸）,暂无,"https://media.artmuseum.princeton.edu/iiif/3/collection/INV04604/full/!650,650/0/default.jpg",2
绿釉壶,汉朝,"陶瓷  
容器（器皿）  
礼器  
青铜器",绿釉陶瓷,1986,中国,高16.2厘米，直径14.0厘米（6又3/8×5又1/2英寸）,陶瓷釉料,"https://media.artmuseum.princeton.edu/iiif/3/collection/PUAMANX24_241022_17890/full/!650,650/0/default.jpg",2
虾,"近代
清朝","绘画  
中国画风格",纸本水墨,1934,齐白石,"画作：68.6×33.5厘米（27×13又3/16英寸）  
装裱：80.5×39.2厘米",暂无,"https://media.artmuseum.princeton.edu/iiif/3/collection/INV03296/full/!650,650/0/default.jpg",2
螃蟹,清朝,"绘画
中国绘画风格",纸本墨笔,1942,齐白石,"画作尺寸：68.7厘米×33.7厘米（27又1/16英寸×13又1/4英寸）
衬边尺寸：80厘米×40.5厘米（31又1/2英寸×15又15/16英寸）",暂无,"https://media.artmuseum.princeton.edu/iiif/3/collection/INV03295/full/!650,650/0/default.jpg",2
刀,东汉,刀,青铜,2001,不明,高21.0厘米，宽11.0厘米，厚0.9厘米（8又1/4×4又5/16×5/16英寸）,暂无,"https://media.artmuseum.princeton.edu/iiif/3/collection/INV03054/full/!650,650/0/default.jpg",2
罐,东汉,"罐子
中国陶瓷风格",绿釉陶瓷,1947,不明,高37.6厘米 × 直径31.1厘米（14又13/16英寸 × 12又1/4英寸）,暂无,"https://media.artmuseum.princeton.edu/iiif/3/collection/PUAMANX23_5974/full/!650,650/0/default.jpg",2
箭头,东汉,箭头,青铜,1991,不明,高5.4厘米，直径0.9厘米（2又1/8×5/16英寸）,暂无,"https://media.artmuseum.princeton.edu/iiif/3/collection/INV03050/full/!650,650/0/default.jpg",2
风景,清朝,"画册
绘画
中国画风格",册页；绢本水墨,1907,中国艺术家（多位）,"画作尺寸：25.8×21.7厘米（10又3/16×8又9/16英寸）
画页尺寸：33.6×52.4厘米（13又1/4×20又5/8英寸）",暂无,"https://media.artmuseum.princeton.edu/iiif/3/collection/INV03829/full/!650,650/0/default.jpg",2
棺椁模型,东汉,"棺材  
模型",细腻的浅红色陶土，施有虹彩绿釉,1953,不明,高17.3厘米，长35.5厘米，宽17.0厘米（6又13/16×14×6又11/16英寸）,暂无,"https://media.artmuseum.princeton.edu/iiif/3/collection/INV023435/full/!650,650/0/default.jpg",2
箭头,东汉,箭头,青铜,1950,不明,高6.1厘米，直径1.1厘米（2又3/8 x 7/16英寸）,暂无,"https://media.artmuseum.princeton.edu/iiif/3/collection/INV03049/full/!650,650/0/default.jpg",2
箭镞,东汉,箭头,青铜,1986,不明,高4.6厘米，宽1.5厘米，厚0.9厘米（1又13/16×5/8×5/16英寸）,暂无,"https://media.artmuseum.princeton.edu/iiif/3/collection/INV03047/full/!650,650/0/default.jpg",2
耳杯（耳杯）,东汉,"杯  
青铜器",青铜,1957,不明,高4.0厘米，长15.6厘米，宽11.5厘米（1又9/16×6又1/8×4又1/2英寸）,暂无,"https://media.artmuseum.princeton.edu/iiif/3/collection/1998-245_GS/full/!650,650/0/default.jpg",2
匕首肩部（？）,东汉,匕首（武器）,青铜,1938,不明,高5.9厘米，宽4.8厘米，厚2.3厘米（2又5/16×1又7/8×7/8英寸）,暂无,"https://media.artmuseum.princeton.edu/iiif/3/collection/INV03051/full/!650,650/0/default.jpg",2
鲍宅山凤凰画像石（鲍宅山凤凰画像）,西汉,拓片,纸张：水墨,1996,元丰年间,"画心尺寸：50.3 × 97.8 厘米（19又13/16 × 38又1/2 英寸）
画幅尺寸：59 × 106.2 厘米（23又1/4 × 41又13/16 英寸）",暂无,"https://media.artmuseum.princeton.edu/iiif/3/collection/PUAMANX23_231208_10027/full/!650,650/0/default.jpg",2
木兰,"近代
清代","挂轴  
绘画  
卷轴画  
中国画风格",立轴；纸本水墨设色,2008,齐白石,"画心：138.8厘米×67.5厘米（54又5/8英寸×26又9/16英寸）
裱褙：265厘米×86.3厘米（104又5/16英寸×34英寸）",暂无,"https://media.artmuseum.princeton.edu/iiif/3/collection/y1964-210/full/!650,650/0/default.jpg",2
骑驴男子,清朝,"挂轴画  
绘画  
卷轴画  
中国画风格",立轴；纸本水墨,1908,高其佩,"画心：86 × 30.5 厘米（33又7/8 × 12 英寸）
裱褙：222 × 58.8 厘米（87又3/8 × 23又1/8 英寸）",暂无,"https://media.artmuseum.princeton.edu/iiif/3/collection/y1947-143/full/!650,650/0/default.jpg",2
雾隐寺,明朝,"挂轴画  
绘画  
卷轴画  
中国画风格",绢本设色立轴,1904,唐寅,"画心：147 × 60 厘米（57又7/8 × 23又5/8英寸）  
裱褙：272 × 80 厘米（107又1/16 × 31又1/2英寸）",暂无,"https://media.artmuseum.princeton.edu/iiif/3/collection/y1947-119/full/!650,650/0/default.jpg",2
台地与山脉,清朝,"挂轴画  
绘画  
卷轴画  
中国画风格",立轴；绢本水墨,2000,郑松,"画心：181.5×101厘米（71又7/16×39又3/4英寸）
裱褙：311×115.3厘米（122又7/16×45又3/8英寸）",暂无,"https://media.artmuseum.princeton.edu/iiif/3/collection/y1947-247/full/!650,650/0/default.jpg",2
达摩持杖,清朝,"挂轴
绘画
卷轴画
中国画风格",立轴；纸本水墨设色,1910,黄慎,"画心：176 x 98厘米（69 5/16 x 38 9/16英寸）  
裱褙：297 x 110.3厘米（116 15/16 x 43 7/16英寸）",暂无,"https://media.artmuseum.princeton.edu/iiif/3/collection/y1946-145/full/!650,650/0/default.jpg",2
蓝衣人,清朝,"挂轴  
绘画  
卷轴画  
中国画风格",立轴；绢本设色,1922,匿名,"画作：135 x 82.5 厘米（53 1/8 x 32 1/2 英寸）
装裱：266.5 x 92.5 厘米（104 15/16 x 36 7/16 英寸）",暂无,"https://media.artmuseum.princeton.edu/iiif/3/collection/y1947-158/full/!650,650/0/default.jpg",2
花鸟,明朝,"挂轴  
绘画  
卷轴画  
中国画风格",立轴；绢本水墨浅设色,1918,林良,画作尺寸：163.5厘米 × 85.5厘米（64又3/8英寸 × 33又11/16英寸）,暂无,"https://media.artmuseum.princeton.edu/iiif/3/collection/y1959-133_GS/full/!650,650/0/default.jpg",2
风景,清朝,"挂轴  
绘画  
卷轴画  
中国画风格",立轴；纸本水墨,1939,黄均,"画心：84×32.7厘米（33 1/16×12 7/8英寸）
裱件：201.5×48.9厘米（79 5/16×19 1/4英寸）",暂无,"https://media.artmuseum.princeton.edu/iiif/3/collection/y1966-209/full/!650,650/0/default.jpg",2
《竹溪秋晚图》,元朝,"挂轴  
绘画  
卷轴画  
中国画风格",立轴；绢本设色,1975,"佚名
传为李衎所作","画心：124.3厘米×49.9厘米（48又15/16英寸×19又5/8英寸）
裱褙：287厘米×71.3厘米（113英寸×28又1/16英寸）",暂无,"https://media.artmuseum.princeton.edu/iiif/3/collection/PUAMSTU2039527/full/!650,650/0/default.jpg",2
白釉波浪纹模制彩绘九龙鼻烟壶,清朝,"鼻烟壶
中国陶瓷风格",彩釉模印纹瓷器,1974,不明,高7.0厘米，宽4.6厘米，厚3.0厘米（2又3/4 x 1又13/16 x 1又3/16英寸），带原装瓶塞。,"珐琅
瓷器","https://media.artmuseum.princeton.edu/iiif/3/collection/INV021519/full/!650,650/0/default.jpg",2
花园中的女士们,清朝,"挂轴  
绘画  
卷轴画  
中国画风格",立轴；纸本设色,1981,不明,"画心：150×41.5厘米（59又1/16×16又5/16英寸）
裱褙：254×59厘米（100×23又1/4英寸）",暂无,"https://media.artmuseum.princeton.edu/iiif/3/collection/PUAMSTU2018_47754/full/!650,650/0/default.jpg",2
避暑宫殿（Bishu gongdian 避暑宮殿）,明朝,"画册
绘画
中国画风格",椭圆形扇面装裱成立轴；绢本水墨,2001,郭忠恕（传）,"画作尺寸：23.5×25.1厘米（9又1/4×9又7/8英寸）
册页（闭合）：37×31.2×1厘米（14又9/16×12又5/16×3/8英寸）
册页（展开）：90.2×31.2厘米（35又1/2×12又5/16英寸）",暂无,"https://media.artmuseum.princeton.edu/iiif/3/collection/INV03703/full/!650,650/0/default.jpg",2
冬日风景,清朝,"立轴  
绘画  
卷轴画  
中国画风格",挂轴；绢本设色,1973,王翬,"画心：173×71.8厘米（68又1/8×28又1/4英寸）
裱褙：319×94.5厘米（125又9/16×37又3/16英寸）",暂无,"https://media.artmuseum.princeton.edu/iiif/3/collection/y1973-10/full/!650,650/0/default.jpg",2
烟雨归村图,清朝,"挂轴  
绘画  
卷轴画  
中国画风格",立轴；纸本水墨,1927,袁尚统,"画作：165.5厘米 × 79.4厘米（65又3/16英寸 × 31又1/4英寸）
装裱：293厘米 × 83.8厘米（115又3/8英寸 × 33英寸）",暂无,"https://media.artmuseum.princeton.edu/iiif/3/collection/y1984-56/full/!650,650/0/default.jpg",2
江青镜,现代时期,"家具  
镜子",玻璃、木材与金属钉,1983,不明,63.5 × 43.5 厘米（25 × 17又1/8英寸）,"玻璃  
金属  
木材","https://media.artmuseum.princeton.edu/iiif/3/collection/PUAMSTU2018_43753/full/!650,650/0/default.jpg",2
风景,清朝,"册页
绘画
中国画风格",册页；绢本设色,1907,"中国艺术家（多位）
蒋蔼","画作尺寸：25.8×21.9厘米（10又3/16×8又5/8英寸）
画页尺寸：33.6×52.4厘米（13又1/4×20又5/8英寸）",暂无,"https://media.artmuseum.princeton.edu/iiif/3/collection/INV03830/full/!650,650/0/default.jpg",2
山水,清朝,"画册
绘画
中国画风格",册页；绢本设色,1987,"中国艺术家（多位）
蒋蔼","画作：25.8 x 21.9厘米（10又3/16 x 8又5/8英寸）  
画页：33.6 x 52.4厘米（13又1/4 x 20又5/8英寸）",暂无,"https://media.artmuseum.princeton.edu/iiif/3/collection/INV03825/full/!650,650/0/default.jpg",2
竹枝,现代时期,"立轴
绘画
卷轴画
中国画风格",立轴；纸本水墨,1925,王隐,"画作：61.5 × 33 厘米（24又3/16 × 13 英寸）  
装裱：194 × 48.5 厘米（76又3/8 × 19又1/8 英寸）",暂无,"https://media.artmuseum.princeton.edu/iiif/3/collection/y1946-199/full/!650,650/0/default.jpg",2
马,现代时期,"挂轴  
绘画  
卷轴画  
中国画风格",立轴；纸本水墨,1983,徐悲鸿，之后,"画作：79.5厘米×33.2厘米（31又5/16英寸×13又1/16英寸）
装裱：138厘米×42.8厘米（54又5/16英寸×16又7/8英寸）",暂无,"https://media.artmuseum.princeton.edu/iiif/3/collection/y1968-551/full/!650,650/0/default.jpg",2
蜀葵,现代时期,"挂轴  
绘画  
卷轴画  
中国画风格",立轴；纸本设色,1919,胡伯琴,"画心：165×41.9厘米（64又15/16×16又1/2英寸）  
裱褙：249.5×58.5厘米（98又1/4×23又1/16英寸）",暂无,"https://media.artmuseum.princeton.edu/iiif/3/collection/y1968-548/full/!650,650/0/default.jpg",2
《重立武氏祠石记》,东汉,拓片,纸本；墨拓,1912,"翁方纲（著者及书法家）
郑之宗（刻工）",31 × 82 厘米（12 3/16 × 32 5/16 英寸）,暂无,"https://media.artmuseum.princeton.edu/iiif/3/collection/INV65581/full/!650,650/0/default.jpg",2
花园宴会,清朝,绘画,扇面画；纸本设色,1954,未知艺术家,"22.9 × 50.8 厘米（9 × 20 英寸）  
外框：43.2 × 68.6 × 3.8 厘米（17 × 27 × 1 1/2 英寸）",暂无,"https://media.artmuseum.princeton.edu/iiif/3/collection/PUAMANX23_101744/full/!650,650/0/default.jpg",2
小水滴器,宋朝,陶瓷,青白瓷；贴花浅蓝釉瓷器,1939,不明,高6.5厘米 × 直径6.7厘米（2又9/16 × 2又5/8英寸）,暂无,无图片,2
烟山,清朝,"挂轴画
绘画
卷轴画
中国画风格",立轴；绢本水墨,1956,冯理,"画心：140 x 75.5厘米（55又1/8 x 29又3/4英寸）  
裱褙：287 x 115.3厘米（113 x 45又3/8英寸）",暂无,"https://media.artmuseum.princeton.edu/iiif/3/collection/y1947-110/full/!650,650/0/default.jpg",2
学者入林,清朝,"挂轴
绘画
卷轴画
中国画风格",挂轴；绢本设色,1948,匿名,"画心：157.5厘米 × 82厘米（62英寸 × 32又5/16英寸）  
裱褙：285厘米 × 95厘米（112又3/16英寸 × 37又3/8英寸）",暂无,"https://media.artmuseum.princeton.edu/iiif/3/collection/y1947-223/full/!650,650/0/default.jpg",2
鼻烟壶,乾隆年间,"软陶瓷器  
鼻烟壶  
青花瓷  
中国陶瓷风格",青花瓷,1999,不明,高7.0厘米，直径2.8厘米（2又3/4 x 1又1/8英寸），无盖。,暂无,"https://media.artmuseum.princeton.edu/iiif/3/collection/INV020342/full/!650,650/0/default.jpg",2
雪山行旅图,清朝,"挂轴
绘画
卷轴画
中国画风格",立轴；绢本水墨,1973,归李寅,"画心：114×61.7厘米（44又7/8×24又5/16英寸）  
裱幅：245.1×69厘米（96又1/2×27又3/16英寸）",暂无,"https://media.artmuseum.princeton.edu/iiif/3/collection/y1949-67/full/!650,650/0/default.jpg",2
红绿彩绘花枝鸟纹碗,"晋朝
南宋","陶瓷  
碗（器皿）  
中国陶瓷风格",酱釉下彩绘奶油色釉上彩磁州窑器,1949,不明,高6.5厘米，直径17.6厘米（2又9/16×6又15/16英寸）,"釉上彩  
釉下彩  
陶瓷","https://media.artmuseum.princeton.edu/iiif/3/collection/2001-293/full/!650,650/0/default.jpg",2
旅部鸡场,现代时期,"海报
版画
政治艺术",纸本设色册页,1991,"未知  
由北京人民美术出版社出版","画面尺寸：47.2 × 67.2厘米（18又9/16 × 26又7/16英寸）
纸张尺寸：52.8 × 76.7厘米（20又13/16 × 30又3/16英寸）","纸（纤维制品）
墨","https://media.artmuseum.princeton.edu/iiif/3/collection/INV04009/full/!650,650/0/default.jpg",2
山水册十张,明朝,"画册
绘画
中国画风格",册页；纸本设色,1978,张宏,"画作：30 x 30厘米（11又13/16 x 11又13/16英寸）  
叶片：68.1 x 37.5厘米（26又13/16 x 14又3/4英寸）",暂无,"https://media.artmuseum.princeton.edu/iiif/3/collection/INV05838/full/!650,650/0/default.jpg",2
起源：物质,现代时期,"绘画
混合媒介",纸张；连史纸、皮纸及水墨,1914,仇德树,"112.5 × 126.5 厘米（44 5/16 × 49 13/16 英寸）  
画框：123.8 × 136.8 × 5.1 厘米（48 3/4 × 53 7/8 × 2 英寸）","纸（纤维制品）
墨
韧皮","https://media.artmuseum.princeton.edu/iiif/3/collection/PUAMSTU2018-1956700/full/!650,650/0/default.jpg",2
吹笛者与杂耍艺人,宋朝,"中国画风格
立轴画
绘画作品
卷轴画",挂轴；绢本水墨,1927,马和之（传）,"画作尺寸：134×71厘米（52又3/4×27又15/16英寸）
装裱尺寸：267.5×86.6厘米（105又5/16×34又1/8英寸）",暂无,"https://media.artmuseum.princeton.edu/iiif/3/collection/y1946-144/full/!650,650/0/default.jpg",2
诗人厉鹗肖像,清朝,拓片,挂轴；纸本墨拓,1959,高学治 题，刻工 叶铭谨,画面尺寸：66×31.2厘米（26×12又5/16英寸） 装裱尺寸：87×46.2厘米（34又1/4×18又3/16英寸）,"纸
墨","https://media.artmuseum.princeton.edu/iiif/3/collection/INV04603/full/!650,650/0/default.jpg",2
鼻烟壶,乾隆年间,玛瑙鼻烟壶,穆里纳玛瑙,2010,不明,带盖高7.1厘米，宽5.3厘米，厚2.7厘米（2又13/16×2又1/16×1又1/16英寸）,暂无,"https://media.artmuseum.princeton.edu/iiif/3/collection/INV020970/full/!650,650/0/default.jpg",2
鼻烟壶,嘉庆年间,鼻烟壶,镂空模印纹瓷器,1957,不明,带盖高7.8厘米，宽5.7厘米，厚3.2厘米（3又1/16×2又1/4×1又1/4英寸）,暂无,"https://media.artmuseum.princeton.edu/iiif/3/collection/INV021462/full/!650,650/0/default.jpg",2
香炉,清朝,"花瓶
青铜器",青铜,1907,不明,高8.0厘米，宽7.1厘米，长11.7厘米（3又1/8×2又13/16×4又5/8英寸）,青铜,"https://media.artmuseum.princeton.edu/iiif/3/collection/INV024598/full/!650,650/0/default.jpg",2
风景,清朝,"画册
绘画
中国画风格",册页；绢本设色,1935,"中国艺术家（多位）
蒋蔼","画作：25.8 x 21.9厘米（10又3/16 x 8又5/8英寸）  
画页：33.6 x 52.4厘米（13又1/4 x 20又5/8英寸）",暂无,"https://media.artmuseum.princeton.edu/iiif/3/collection/INV03830/full/!650,650/0/default.jpg",2
山水,清朝,"册页
绘画
中国画风格",册页；绢本设色,1978,"中国艺术家（多位）
蒋蔼","画作尺寸：25.8 x 21.9厘米（10又3/16 x 8又5/8英寸）
画叶尺寸：33.6 x 52.4厘米（13又1/4 x 20又5/8英寸）",暂无,"https://media.artmuseum.princeton.edu/iiif/3/collection/INV03825/full/!650,650/0/default.jpg",2
竹枝摇曳,现代时期,"挂轴
绘画
卷轴画
中国画风格",立轴；纸本水墨,1955,王寅,"画作：61.5 x 33厘米（24又3/16 x 13英寸）  
装裱：194 x 48.5厘米（76又3/8 x 19又1/8英寸）",暂无,"https://media.artmuseum.princeton.edu/iiif/3/collection/y1946-199/full/!650,650/0/default.jpg",2
马,现代时期,"挂轴
绘画
卷轴画
中国画风格",立轴；纸本水墨,1997,徐悲鸿，之后,"画心：79.5厘米×33.2厘米（31又5/16英寸×13又1/16英寸）
裱褙：138厘米×42.8厘米（54又5/16英寸×16又7/8英寸）",暂无,"https://media.artmuseum.princeton.edu/iiif/3/collection/y1968-551/full/!650,650/0/default.jpg",2
蜀葵,现代时期,"挂轴画  
绘画  
卷轴画  
中国画风格",立轴；纸本设色,1929,胡伯琴,"画作：165 x 41.9厘米（64 15/16 x 16 1/2英寸）  
装裱：249.5 x 58.5厘米（98 1/4 x 23 1/16英寸）",暂无,"https://media.artmuseum.princeton.edu/iiif/3/collection/y1968-548/full/!650,650/0/default.jpg",2
《重立武氏祠石记》,东汉,拓片,纸张；墨拓,1970,"翁方纲（作者与书法家）
郑重（刻工）",31 × 82 厘米（12 3/16 × 32 5/16 英寸）,暂无,"https://media.artmuseum.princeton.edu/iiif/3/collection/INV65581/full/!650,650/0/default.jpg",2
花园宴会,清朝,绘画,扇面画；纸本设色,1908,未知艺术家,"22.9 × 50.8 厘米（9 × 20 英寸）
外框：43.2 × 68.6 × 3.8 厘米（17 × 27 × 1 1/2 英寸）",暂无,"https://media.artmuseum.princeton.edu/iiif/3/collection/PUAMANX23_101744/full/!650,650/0/default.jpg",2
小水滴器,宋朝,陶瓷,青白瓷；贴花浅蓝釉瓷器,1953,不明,高6.5厘米 × 直径6.7厘米（2又9/16 × 2又5/8英寸）,暂无,无图片,2
倪瓒画作摹本,清朝,"画册
绘画
中国画风格",册页；纸本水墨,1931,王翬,"画作尺寸：40.4×32.8厘米（15又7/8×12又15/16英寸）
画页尺寸：47.8×37.5厘米（18又13/16×14又3/4英寸）
衬边尺寸：50.8×40.6厘米（20×16英寸）",暂无,"https://media.artmuseum.princeton.edu/iiif/3/collection/INV03815/full/!650,650/0/default.jpg",2
溪山晴爽图,清朝,"立轴  
绘画  
卷轴画  
中国画风格",立轴；纸本水墨,1983,陈汝言（传）,"画心：42.4×24.8厘米（16又11/16×9又3/4英寸）
裱褙：251.2×44.3厘米（98又7/8×17又7/16英寸）","纸（纤维制品）
墨","https://media.artmuseum.princeton.edu/iiif/3/collection/1998-789_02/full/!650,650/0/default.jpg",2
黄道周（1585–1646）诗四首,清朝,"册页  
书法（文字）  
书法（视觉作品）  
诗词",册页；纸本水墨,1915,沈曾植,"书法：27.2 x 37.5厘米（10 11/16 x 14 3/4英寸）  
画心：37.5 x 63.3厘米（14 3/4 x 24 15/16英寸）","纸（纤维制品）
墨","https://media.artmuseum.princeton.edu/iiif/3/collection/INV03818/full/!650,650/0/default.jpg",2
二人与瀑布,明朝,"画册  
绘画  
书法（视觉作品）  
中国画风格",册页；纸本水墨,1923,谢时臣,"画作：22 x 18.5厘米（8 11/16 x 7 5/16英寸）  
书法：22 x 18.5厘米（8 11/16 x 7 5/16英寸）  
单页：31.8 x 48厘米（12 1/2 x 18 7/8英寸）",暂无,"https://media.artmuseum.princeton.edu/iiif/3/collection/INV07417/full/!650,650/0/default.jpg",2
松下人与侍者,清朝,"画册  
扇子（服饰配件）  
绘画  
中国画风格",团扇装裱为册页；绢本水墨,1922,朱承,"画作尺寸：22.5 × 24 厘米（8 7/8 × 9 7/16 英寸）
画叶尺寸：35 × 47.6 厘米（13 3/4 × 18 3/4 英寸）","墨
丝绸（纺织品）","https://media.artmuseum.princeton.edu/iiif/3/collection/INV03343/full/!650,650/0/default.jpg",2
三教,清朝,"挂轴
绘画
卷轴画
中国画风格",挂轴；绢本水墨淡彩,1968,王刚,"画作尺寸：122 x 97 厘米（48 1/16 x 38 3/16 英寸）  
装裱尺寸：291.5 x 104.5 厘米（114 3/4 x 41 1/8 英寸）",暂无,"https://media.artmuseum.princeton.edu/iiif/3/collection/y1946-142/full/!650,650/0/default.jpg",2
竹林过鸟图,清朝,"挂轴
绘画
卷轴画
中国画风格",立轴；纸本设色,1928,易元吉（传）,"画作尺寸：122 × 56 厘米（48 1/16 × 22 1/16 英寸）
装裱尺寸：263 × 666.5 厘米（103 9/16 × 262 3/8 英寸）",暂无,"https://media.artmuseum.princeton.edu/iiif/3/collection/y1947-45/full/!650,650/0/default.jpg",2
《梅花水仙图》,明朝,"挂轴画  
绘画  
卷轴画  
中国画风格",立轴，纸本水墨,1950,陈淳（陈道复）,"画心：70.2 × 33.1厘米（27又5/8 × 13又1/16英寸）  
裱轴：228 × 50.6厘米（89又3/4 × 19又15/16英寸）","纸（纤维制品）
墨","https://media.artmuseum.princeton.edu/iiif/3/collection/1998-97/full/!650,650/0/default.jpg",2
